,INPUT,FOUND_BY,DTXSID,PREFERRED_NAME,smiles
250,DTXSID3022956,DSSTox_Substance_Id,DTXSID3022956,Sodium diethyldithiocarbamate,[Na+].CCN(CC)C([S-])=S
251,DTXSID0046931,DSSTox_Substance_Id,DTXSID0046931,Methscopolamine,C[N+]1(C)[C@H]2C[C@@H](C[C@@H]1[C@H]1O[C@@H]21)OC(=O)[C@H](CO)C1=CC=CC=C1
252,DTXSID1048627,DSSTox_Substance_Id,DTXSID1048627,Ritonavir,CC(C)[C@H](NC(=O)N(C)CC1=CSC(=N1)C(C)C)C(=O)N[C@H](C[C@H](O)[C@H](CC1=CC=CC=C1)NC(=O)OCC1=CN=CS1)CC1=CC=CC=C1
253,DTXSID20223032,DSSTox_Substance_Id,DTXSID20223032,Piritrexim,COC1=CC(CC2=CN=C3N=C(N)N=C(N)C3=C2C)=C(OC)C=C1
254,DTXSID9048229,DSSTox_Substance_Id,DTXSID9048229,Quinpirole,[H][C@]12CCCN(CCC)[C@]1([H])CC1=C(C2)NN=C1
255,DTXSID6045169,DSSTox_Substance_Id,DTXSID6045169,Metoclopramide,CCN(CC)CCNC(=O)C1=CC(Cl)=C(N)C=C1OC
256,DTXSID00155847,DSSTox_Substance_Id,DTXSID00155847,Bivalirudin,CC[C@H](C)[C@H](NC(=O)[C@H](CCC(O)=O)NC(=O)[C@H](CCC(O)=O)NC(=O)[C@H](CC1=CC=CC=C1)NC(=O)[C@H](CC(O)=O)NC(=O)CNC(=O)[C@H](CC(N)=O)NC(=O)CNC(=O)CNC(=O)CNC(=O)CNC(=O)[C@@H]1CCCN1C(=O)[C@H](CCCNC(N)=N)NC(=O)[C@@H]1CCCN1C(=O)[C@H](N)CC1=CC=CC=C1)C(=O)N1CCC[C@H]1C(=O)N[C@@H](CCC(O)=O)C(=O)N[C@@H](CCC(O)=O)C(=O)N[C@@H](CC1=CC=C(O)C=C1)C(=O)N[C@@H](CC(C)C)C(O)=O
257,DTXSID2023563,DSSTox_Substance_Id,DTXSID2023563,Risedronic acid,OC(CC1=CC=CN=C1)(P(O)(O)=O)P(O)(O)=O
258,DTXSID5023582,DSSTox_Substance_Id,DTXSID5023582,Sirolimus,[H][C@@]12CC[C@@H](C)[C@@](O)(O1)C(=O)C(=O)N1CCCC[C@@]1([H])C(=O)O[C@@]([H])(CC(=O)[C@H](C)\C=C(C)\[C@@H](O)[C@@H](OC)C(=O)[C@H](C)C[C@H](C)\C=C\C=C\C=C(C)\[C@H](C2)OC)[C@H](C)C[C@@H]1CC[C@@H](O)[C@@H](C1)OC
259,DTXSID2023224,DSSTox_Substance_Id,DTXSID2023224,Loratadine,CCOC(=O)N1CCC(CC1)=C1C2=C(CCC3=C1N=CC=C3)C=C(Cl)C=C2
260,DTXSID7023354,DSSTox_Substance_Id,DTXSID7023354,Naratriptan,CNS(=O)(=O)CCC1=CC=C2NC=C(C3CCN(C)CC3)C2=C1
261,DTXSID6044278,DSSTox_Substance_Id,DTXSID6044278,Alosetron,CN1C2=C(C3=CC=CC=C13)C(=O)N(CC1=C(C)N=CN1)CC2
262,DTXSID2022705,DSSTox_Substance_Id,DTXSID2022705,Buprenorphine,[H][C@@]12OC3=C(O)C=CC4=C3[C@@]11CCN(CC3CC3)[C@H](C4)[C@]11CC[C@@]2(OC)[C@]([H])(C1)[C@](C)(O)C(C)(C)C
263,DTXSID5023324,DSSTox_Substance_Id,DTXSID5023324,Milrinone,CC1=C(C=C(C#N)C(=O)N1)C1=CC=NC=C1
264,DTXSID6046686,DSSTox_Substance_Id,DTXSID6046686,Cilomilast,COC1=CC=C(C=C1OC1CCCC1)[C@]1(CC[C@@H](CC1)C(O)=O)C#N
265,DTXSID5022934,DSSTox_Substance_Id,DTXSID5022934,Digoxin,C[C@H]1O[C@H](C[C@H](O)[C@@H]1O)O[C@H]1[C@@H](O)C[C@H](O[C@H]2[C@@H](O)C[C@H](O[C@H]3CC[C@@]4(C)[C@H](CC[C@@H]5[C@@H]4C[C@@H](O)[C@]4(C)[C@H](CC[C@]54O)C4=CC(=O)OC4)C3)O[C@@H]2C)O[C@@H]1C
266,DTXSID10174746,DSSTox_Substance_Id,DTXSID10174746,Tariquidar,COC1=C(OC)C=C2CN(CCC3=CC=C(NC(=O)C4=CC(OC)=C(OC)C=C4NC(=O)C4=CC5=CC=CC=C5N=C4)C=C3)CCC2=C1
267,DTXSID7021239,DSSTox_Substance_Id,DTXSID7021239,Retinoic acid,C\C(\C=C\C1=C(C)CCCC1(C)C)=C/C=C/C(/C)=C/C(O)=O
268,DTXSID3075339,DSSTox_Substance_Id,DTXSID3075339,Phlorizin,OC[C@H]1O[C@@H](OC2=C(C(=O)CCC3=CC=C(O)C=C3)C(O)=CC(O)=C2)[C@H](O)[C@@H](O)[C@@H]1O
269,DTXSID3023425,DSSTox_Substance_Id,DTXSID3023425,(-)-Paroxetine,FC1=CC=C(C=C1)[C@@H]1CCNC[C@H]1COC1=CC=C2OCOC2=C1
270,DTXSID6023577,DSSTox_Substance_Id,DTXSID6023577,Sertraline,CN[C@H]1CC[C@@H](C2=CC(Cl)=C(Cl)C=C2)C2=C1C=CC=C2
271,DTXSID50183953,DSSTox_Substance_Id,DTXSID50183953,Glycylsarcosine,CN(CC(O)=O)C(=O)CN
272,DTXSID8043789,DSSTox_Substance_Id,DTXSID8043789,Choline ion,C[N+](C)(C)CCO
273,DTXSID10213609,DSSTox_Substance_Id,DTXSID10213609,Tozasertib,CN1CCN(CC1)C1=NC(SC2=CC=C(NC(=O)C3CC3)C=C2)=NC(NC2=NNC(C)=C2)=C1
274,DTXSID8023216,DSSTox_Substance_Id,DTXSID8023216,"3,5,3'-Triiodothyronine",N[C@@H](CC1=CC(I)=C(OC2=CC(I)=C(O)C=C2)C(I)=C1)C(O)=O
275,DTXSID4046602,DSSTox_Substance_Id,DTXSID4046602,Trifluridine,OC[C@H]1O[C@H](C[C@@H]1O)N1C=C(C(=O)NC1=O)C(F)(F)F
276,DTXSID6020779,DSSTox_Substance_Id,DTXSID6020779,Lithocholic acid,C[C@H](CCC(O)=O)[C@H]1CC[C@H]2[C@@H]3CC[C@@H]4C[C@H](O)CC[C@]4(C)[C@H]3CC[C@]12C
277,DTXSID4022573,DSSTox_Substance_Id,DTXSID4022573,Allopurinol,O=C1N=CNC2=C1C=NN2
278,DTXSID1023318,DSSTox_Substance_Id,DTXSID1023318,Mibefradil,COCC(=O)O[C@]1(CCN(C)CCCC2=NC3=C(N2)C=CC=C3)CCC2=C(C=CC(F)=C2)[C@@H]1C(C)C
279,DTXSID6040533,DSSTox_Substance_Id,DTXSID6040533,Leukotriene D4,CCCCC\C=C/C\C=C/C=C/C=C/[C@@H](SCC(N)C(=O)NCC(O)=O)[C@@H](O)CCCC(O)=O
280,DTXSID70377579,DSSTox_Substance_Id,DTXSID70377579,1-[3-[4-(1-Piperidinylmethyl)phenoxy]propyl]piperidine,C(COC1=CC=C(CN2CCCCC2)C=C1)CN1CCCCC1
281,DTXSID8029650,DSSTox_Substance_Id,DTXSID8029650,Menthol,CC(C)C1CCC(C)CC1O
282,DTXSID5023378,DSSTox_Substance_Id,DTXSID5023378,Norepinephrine,NC[C@H](O)C1=CC=C(O)C(O)=C1
283,DTXSID9040130,DSSTox_Substance_Id,DTXSID9040130,Yohimbine,[H][C@@]12CC[C@H](O)[C@H](C(=O)OC)[C@@]1([H])C[C@]1([H])N(CCC3=C1NC1=C3C=CC=C1)C2
284,DTXSID3022958,DSSTox_Substance_Id,DTXSID3022958,DL-Dobutamine,CC(CCC1=CC=C(O)C=C1)NCCC1=CC(O)=C(O)C=C1
285,DTXSID7021310,DSSTox_Substance_Id,DTXSID7021310,Terbutaline,CC(C)(C)NCC(O)C1=CC(O)=CC(O)=C1
286,DTXSID8022747,DSSTox_Substance_Id,DTXSID8022747,Carvedilol,COC1=C(OCCNCC(O)COC2=CC=CC3=C2C2=C(N3)C=CC=C2)C=CC=C1
287,DTXSID0022989,DSSTox_Substance_Id,DTXSID0022989,Eprosartan,CCCCC1=NC=C(\C=C(/CC2=CC=CS2)C(O)=O)N1CC1=CC=C(C=C1)C(O)=O
288,DTXSID8022371,DSSTox_Substance_Id,DTXSID8022371,Testosterone,[H][C@@]12CC[C@H](O)[C@@]1(C)CC[C@@]1([H])[C@@]2([H])CCC2=CC(=O)CC[C@]12C
289,DTXSID50183059,DSSTox_Substance_Id,DTXSID50183059,Irosustat,NS(=O)(=O)OC1=CC2=C(C=C1)C1=C(CCCCC1)C(=O)O2
290,DTXSID3021271,DSSTox_Substance_Id,DTXSID3021271,Sodium chloride,[Na+].[Cl-]
291,DTXSID5032076,DSSTox_Substance_Id,DTXSID5032076,Sodium selenate,[Na+].[Na+].[O-][Se]([O-])(=O)=O
292,DTXSID2020630,DSSTox_Substance_Id,DTXSID2020630,Sodium fluoride,[F-].[Na+]
293,DTXSID4029698,DSSTox_Substance_Id,DTXSID4029698,Sodium persulfate,[Na+].[Na+].[O-]S(=O)(=O)OOS([O-])(=O)=O
294,DTXSID2041125,DSSTox_Substance_Id,DTXSID2041125,Sodium iodide,[Na+].[I-]
295,DTXSID4024309,DSSTox_Substance_Id,DTXSID4024309,Sodium cyanide (Na(CN)),[Na+].[C-]#N
296,DTXSID00458683,DSSTox_Substance_Id,DTXSID00458683,2-hydrazinylbenzenesulfonamide,NNC1=CC=CC=C1S(N)(=O)=O
297,DTXSID1029621,DSSTox_Substance_Id,DTXSID1029621,Carbonic acid sodium salt (1:2),[Na+].[Na+].[O-]C([O-])=O
298,DTXSID3029738,DSSTox_Substance_Id,DTXSID3029738,Sodium hydrosulfide,[Na+].[SH-]
299,DTXSID3034903,DSSTox_Substance_Id,DTXSID3034903,Sodium bromide,[Na+].[Br-]
300,DTXSID8034902,DSSTox_Substance_Id,DTXSID8034902,Sodium bisulfite,[Na+].OS([O-])=O
301,DTXSID6020937,DSSTox_Substance_Id,DTXSID6020937,Sodium nitrate,[Na+].[O-][N+]([O-])=O
302,DTXSID9042465,DSSTox_Substance_Id,DTXSID9042465,Tetrasodium pyrophosphate,[Na+].[Na+].[Na+].[Na+].[O-]P([O-])(=O)OP([O-])([O-])=O
303,DTXSID9021477,DSSTox_Substance_Id,DTXSID9021477,Sodium tetrafluoroborate,[Na+].F[B-](F)(F)F
304,DTXSID20363104,DSSTox_Substance_Id,DTXSID20363104,BQCA,COC1=CC=C(CN2C=C(C(O)=O)C(=O)C3=CC=CC=C23)C=C1
305,DTXSID40146754,DSSTox_Substance_Id,DTXSID40146754,Methoctramine tetrahydrochloride,O.Cl.Cl.Cl.Cl.COC1=CC=CC=C1CNCCCCCCNCCCCCCCCNCCCCCCNCC1=CC=CC=C1OC
306,DTXSID5023089,DSSTox_Substance_Id,DTXSID5023089,Gallamine triethiodide,[I-].[I-].[I-].CC[N+](CC)(CC)CCOC1=CC=CC(OCC[N+](CC)(CC)CC)=C1OCC[N+](CC)(CC)CC
307,DTXSID8048949,DSSTox_Substance_Id,DTXSID8048949,Maraviroc,CC(C)C1=NN=C(C)N1[C@@H]1C[C@@H]2CC[C@H](C1)N2CC[C@H](NC(=O)C1CCC(F)(F)CC1)C1=CC=CC=C1
308,DTXSID30426077,DSSTox_Substance_Id,DTXSID30426077,JWH-133,CCCC(C)(C)C1=CC2=C(C=C1)[C@@H]1CC(C)=CC[C@H]1C(C)(C)O2
309,DTXSID90234130,DSSTox_Substance_Id,DTXSID90234130,Alogliptin,CN1C(=O)C=C(N2CCC[C@@H](N)C2)N(CC2=CC=CC=C2C#N)C1=O
310,DTXSID5022641,DSSTox_Substance_Id,DTXSID5022641,Baclofen,NCC(CC(O)=O)C1=CC=C(Cl)C=C1
311,DTXSID4040684,DSSTox_Substance_Id,DTXSID4040684,Mevastatin,CC[C@H](C)C(=O)O[C@H]1CCC=C2C=C[C@H](C)[C@H](CC[C@@H]3C[C@@H](O)CC(=O)O3)[C@@H]12
312,DTXSID0022804,DSSTox_Substance_Id,DTXSID0022804,Chlorpheniramine,CN(C)CCC(C1=CC=C(Cl)C=C1)C1=NC=CC=C1
313,DTXSID4023753,DSSTox_Substance_Id,DTXSID4023753,Ziprasidone,ClC1=C(CCN2CCN(CC2)C2=NSC3=CC=CC=C23)C=C2CC(=O)NC2=C1
314,DTXSID40162772,DSSTox_Substance_Id,DTXSID40162772,"1H-Indole-3-carboxylic acid, 1-methyl-, (1-(2-((methylsulfonyl)amino)ethyl)-4-piperidinyl)methyl ester",CN1C=C(C(=O)OCC2CCN(CCNS(C)(=O)=O)CC2)C2=CC=CC=C12
315,DTXSID2048294,DSSTox_Substance_Id,DTXSID2048294,Lazabemide,NCCNC(=O)C1=NC=C(Cl)C=C1
316,DTXSID80232802,DSSTox_Substance_Id,DTXSID80232802,Biphalin,C[C@@H](NC(=O)[C@@H](N)CC1=CC=C(O)C=C1)C(=O)NCC(=O)N[C@@H](CC1=CC=CC=C1)C(=O)NNC(=O)[C@H](CC1=CC=CC=C1)NC(=O)CNC(=O)[C@@H](C)NC(=O)[C@@H](N)CC1=CC=C(O)C=C1
317,DTXSID8023345,DSSTox_Substance_Id,DTXSID8023345,Nalbuphine,[H][C@@]12OC3=C(O)C=CC4=C3[C@@]11CCN(CC3CCC3)[C@H](C4)[C@]1(O)CC[C@@H]2O
318,DTXSID8020331,DSSTox_Substance_Id,DTXSID8020331,Ciprofibrate,CC(C)(OC1=CC=C(C=C1)C1CC1(Cl)Cl)C(O)=O
319,DTXSID3040980,DSSTox_Substance_Id,DTXSID3040980,Bortezomib,CC(C)C[C@H](NC(=O)[C@H](CC1=CC=CC=C1)NC(=O)C1=NC=CN=C1)B(O)O
320,DTXSID0037231,DSSTox_Substance_Id,DTXSID0037231,Flurbiprofen,CC(C(O)=O)C1=CC=C(C(F)=C1)C1=CC=CC=C1
321,DTXSID3037250,DSSTox_Substance_Id,DTXSID3037250,Nimesulide,CS(=O)(=O)NC1=CC=C(C=C1OC1=CC=CC=C1)[N+]([O-])=O
322,DTXSID6040404,DSSTox_Substance_Id,DTXSID6040404,9-cis- Retinoic acid,C\C(\C=C\C1=C(C)CCCC1(C)C)=C\C=C\C(\C)=C\C(O)=O
323,DTXSID2023195,DSSTox_Substance_Id,DTXSID2023195,Lamotrigine,NC1=NC(N)=C(N=N1)C1=CC=CC(Cl)=C1Cl
324,DTXSID8020541,DSSTox_Substance_Id,DTXSID8020541,"5,5-Diphenylhydantoin",O=C1NC(=O)C(N1)(C1=CC=CC=C1)C1=CC=CC=C1
325,DTXSID9046443,DSSTox_Substance_Id,DTXSID9046443,Duloxetine hydrochloride,Cl.CNCC[C@H](OC1=C2C=CC=CC2=CC=C1)C1=CC=CS1
326,DTXSID3020625,DSSTox_Substance_Id,DTXSID3020625,Finasteride,CC(C)(C)NC(=O)[C@H]1CC[C@H]2[C@@H]3CC[C@H]4NC(=O)C=C[C@]4(C)[C@H]3CC[C@]12C
327,DTXSID8045143,DSSTox_Substance_Id,DTXSID8045143,Vanoxerine,FC1=CC=C(C=C1)C(OCCN1CCN(CCCC2=CC=CC=C2)CC1)C1=CC=C(F)C=C1
328,DTXSID1023495,DSSTox_Substance_Id,DTXSID1023495,Pralidoxime chloride,[Cl-].C[N+]1=C(\C=N\O)C=CC=C1
329,DTXSID80166799,DSSTox_Substance_Id,DTXSID80166799,"2-(2-Furanyl)-7-(2-phenylethyl)-7H-pyrazolo[4,3-e][1,2,4]triazolo[1,5-c]pyrimidin-5-amine",NC1=NC2=C(C=NN2CCC2=CC=CC=C2)C2=NC(=NN12)C1=CC=CO1
330,DTXSID6023525,DSSTox_Substance_Id,DTXSID6023525,Propranolol,CC(C)NCC(O)COC1=C2C=CC=CC2=CC=C1
331,DTXSID7022833,DSSTox_Substance_Id,DTXSID7022833,Clenbuterol,CC(C)(C)NCC(O)C1=CC(Cl)=C(N)C(Cl)=C1
332,DTXSID8023476,DSSTox_Substance_Id,DTXSID8023476,Pindolol,CC(C)NCC(O)COC1=C2C=CNC2=CC=C1
333,DTXSID80175220,DSSTox_Substance_Id,DTXSID80175220,Conivaptan,CC1=NC2=C(CCN(C(=O)C3=CC=C(NC(=O)C4=CC=CC=C4C4=CC=CC=C4)C=C3)C3=CC=CC=C23)N1
334,DTXSID50238710,DSSTox_Substance_Id,DTXSID50238710,Vemurafenib,CCCS(=O)(=O)NC1=C(F)C(C(=O)C2=CNC3=C2C=C(C=N3)C2=CC=C(Cl)C=C2)=C(F)C=C1
335,DTXSID5021124,DSSTox_Substance_Id,DTXSID5021124,Phenol,OC1=CC=CC=C1
336,DTXSID2025715,DSSTox_Substance_Id,DTXSID2025715,Nifedipine,COC(=O)C1=C(C)NC(C)=C(C1C1=CC=CC=C1[N+]([O-])=O)C(=O)OC
337,DTXSID90175115,DSSTox_Substance_Id,DTXSID90175115,VX 745,FC1=CC(F)=C(SC2=NN3C=NC(=O)C(=C3C=C2)C2=C(Cl)C=CC=C2Cl)C=C1
338,DTXSID40143602,DSSTox_Substance_Id,DTXSID40143602,Silmitasertib,OC(=O)C1=CC2=C(C=C1)C1=C(C=CN=C1)C(NC1=CC(Cl)=CC=C1)=N2
339,DTXSID9023201,DSSTox_Substance_Id,DTXSID9023201,Leflunomide,CC1=C(C=NO1)C(=O)NC1=CC=C(C=C1)C(F)(F)F
340,DTXSID5045205,DSSTox_Substance_Id,DTXSID5045205,Spiperone,FC1=CC=C(C=C1)C(=O)CCCN1CCC2(CC1)N(CNC2=O)C1=CC=CC=C1
341,DTXSID5048429,DSSTox_Substance_Id,DTXSID5048429,Butaclamol,[H][C@]12C[C@](O)(CCN1C[C@]1([H])C3=C(CCC4=C1C2=CC=C4)C=CC=C3)C(C)(C)C
342,DTXSID8045195,DSSTox_Substance_Id,DTXSID8045195,Ropinirole,CCCN(CCC)CCC1=C2CC(=O)NC2=CC=C1
343,DTXSID9020827,DSSTox_Substance_Id,DTXSID9020827,Methoxychlor,COC1=CC=C(C=C1)C(C1=CC=C(OC)C=C1)C(Cl)(Cl)Cl
344,DTXSID2020686,DSSTox_Substance_Id,DTXSID2020686,Lindane,Cl[C@H]1[C@H](Cl)[C@@H](Cl)[C@@H](Cl)[C@H](Cl)[C@H]1Cl
345,DTXSID2045656,DSSTox_Substance_Id,DTXSID2045656,Ifenprodil,CC(C(O)C1=CC=C(O)C=C1)N1CCC(CC2=CC=CC=C2)CC1
346,DTXSID7020714,DSSTox_Substance_Id,DTXSID7020714,Hydrocortisone,[H][C@@]12CC[C@](O)(C(=O)CO)[C@@]1(C)C[C@H](O)[C@@]1([H])[C@@]2([H])CCC2=CC(=O)CC[C@]12C
347,DTXSID80222945,DSSTox_Substance_Id,DTXSID80222945,Mocetinostat,NC1=CC=CC=C1NC(=O)C1=CC=C(CNC2=NC=CC(=N2)C2=CN=CC=C2)C=C1
348,DTXSID8048492,DSSTox_Substance_Id,DTXSID8048492,Rosuvastatin,CC(C)C1=C(\C=C\[C@@H](O)C[C@@H](O)CC(O)=O)C(=NC(=N1)N(C)S(C)(=O)=O)C1=CC=C(F)C=C1
349,DTXSID9045138,DSSTox_Substance_Id,DTXSID9045138,1-(3-Chlorophenyl)piperazine,ClC1=CC(=CC=C1)N1CCNCC1
350,DTXSID4041070,DSSTox_Substance_Id,DTXSID4041070,Mycophenolic acid,COC1=C(C)C2=C(C(=O)OC2)C(O)=C1C\C=C(/C)CCC(O)=O
351,DTXSID00150458,DSSTox_Substance_Id,DTXSID00150458,E 4031,CC1=NC(CCN2CCC(CC2)C(=O)C2=CC=C(NS(C)(=O)=O)C=C2)=CC=C1
352,DTXSID2023694,DSSTox_Substance_Id,DTXSID2023694,Tranylcypromine,N[C@@H]1C[C@H]1C1=CC=CC=C1
353,DTXSID6045951,DSSTox_Substance_Id,DTXSID6045951,Ramelteon,CCC(=O)NCC[C@@H]1CCC2=CC=C3OCCC3=C12
354,DTXSID70433301,DSSTox_Substance_Id,DTXSID70433301,JDTic,CC(C)[C@@H](CN1CC[C@](C)([C@@H](C)C1)C1=CC(O)=CC=C1)NC(=O)[C@H]1CC2=C(CN1)C=C(O)C=C2
355,DTXSID8023395,DSSTox_Substance_Id,DTXSID8023395,Orlistat,CCCCCCCCCCC[C@@H](C[C@@H]1OC(=O)[C@H]1CCCCCC)OC(=O)[C@H](CC(C)C)NC=O
356,DTXSID0020652,DSSTox_Substance_Id,DTXSID0020652,Gemfibrozil,CC1=CC(OCCCC(C)(C)C(O)=O)=C(C)C=C1
357,DTXSID9044297,DSSTox_Substance_Id,DTXSID9044297,Atomoxetine,CNCC[C@@H](OC1=C(C)C=CC=C1)C1=CC=CC=C1
358,DTXSID1023578,DSSTox_Substance_Id,DTXSID1023578,Sibutramine,CC(C)CC(N(C)C)C1(CCC1)C1=CC=C(Cl)C=C1
359,DTXSID8048440,DSSTox_Substance_Id,DTXSID8048440,Escitalopram,CN(C)CCC[C@]1(OCC2=CC(=CC=C12)C#N)C1=CC=C(F)C=C1
360,DTXSID00196710,DSSTox_Substance_Id,DTXSID00196710,ABT-239,C[C@@H]1CCCN1CCC1=CC2=C(O1)C=CC(=C2)C1=CC=C(C=C1)C#N
361,DTXSID7023227,DSSTox_Substance_Id,DTXSID7023227,Losartan,CCCCC1=NC(Cl)=C(CO)N1CC1=CC=C(C=C1)C1=CC=CC=C1C1=NN=NN1
362,DTXSID50165158,DSSTox_Substance_Id,DTXSID50165158,1-Deoxy-1-(6-(((3-iodophenyl)methyl)amino)-9H-purin-9-yl)-N-methyl-beta-D-ribofuranuronamide,CNC(=O)[C@H]1O[C@H]([C@H](O)[C@@H]1O)N1C=NC2=C1N=CN=C2NCC1=CC(I)=CC=C1
363,DTXSID1022558,DSSTox_Substance_Id,DTXSID1022558,Adenosine,NC1=NC=NC2=C1N=CN2[C@@H]1O[C@H](CO)[C@@H](O)[C@H]1O
364,DTXSID3023631,DSSTox_Substance_Id,DTXSID3023631,Tamsulosin,CCOC1=C(OCCN[C@H](C)CC2=CC(=C(OC)C=C2)S(N)(=O)=O)C=CC=C1
365,DTXSID1043885,DSSTox_Substance_Id,DTXSID1043885,WB 4101,COC1=CC=CC(OC)=C1OCCNCC1COC2=CC=CC=C2O1
366,DTXSID9023465,DSSTox_Substance_Id,DTXSID9023465,Phenylephrine,CNC[C@H](O)C1=CC=CC(O)=C1
367,DTXSID4023046,DSSTox_Substance_Id,DTXSID4023046,Fenoterol,CC(CC1=CC=C(O)C=C1)NCC(O)C1=CC(O)=CC(O)=C1
368,DTXSID5022986,DSSTox_Substance_Id,DTXSID5022986,(-)-Epinephrine,CNC[C@H](O)C1=CC(O)=C(O)C=C1
369,DTXSID0023169,DSSTox_Substance_Id,DTXSID0023169,Irbesartan,CCCCC1=NC2(CCCC2)C(=O)N1CC1=CC=C(C=C1)C1=CC=CC=C1C1=NN=NN1
370,DTXSID4031980,DSSTox_Substance_Id,DTXSID4031980,Resveratrol,OC1=CC=C(\C=C\C2=CC(O)=CC(O)=C2)C=C1
371,DTXSID0061797,DSSTox_Substance_Id,DTXSID0061797,"Benzenesulfonamide, 4-hydroxy-",NS(=O)(=O)C1=CC=C(O)C=C1
372,DTXSID20389041,DSSTox_Substance_Id,DTXSID20389041,"1,3-BENZENEDISULFONAMIDE",NS(=O)(=O)C1=CC(=CC=C1)S(N)(=O)=O
373,DTXSID50303937,DSSTox_Substance_Id,DTXSID50303937,"3,5-dichloro-2-hydroxybenzenesulfonamide",NS(=O)(=O)C1=C(O)C(Cl)=CC(Cl)=C1
374,DTXSID0023406,DSSTox_Substance_Id,DTXSID0023406,Oxybutynin,CCN(CC)CC#CCOC(=O)C(O)(C1CCCCC1)C1=CC=CC=C1
375,DTXSID8046660,DSSTox_Substance_Id,DTXSID8046660,Pemetrexed disodium,[Na+].[Na+].NC1=NC(=O)C2=C(NC=C2CCC2=CC=C(C=C2)C(=O)N[C@@H](CCC([O-])=O)C([O-])=O)N1
376,DTXSID9020116,DSSTox_Substance_Id,DTXSID9020116,5-Azacytidine,NC1=NC(=O)N(C=N1)[C@@H]1O[C@H](CO)[C@@H](O)[C@H]1O
377,DTXSID7048580,DSSTox_Substance_Id,DTXSID7048580,Saxagliptin,N[C@H](C(=O)N1[C@H]2C[C@H]2C[C@H]1C#N)C12CC3CC(CC(O)(C3)C1)C2
378,DTXSID8023474,DSSTox_Substance_Id,DTXSID8023474,"1-(1-(4,4-bis(4-fluorophenyl)butyl)-4-piperidinyl)-1,3-dihydro-2H-Benzimidazol-2-one",FC1=CC=C(C=C1)C(CCCN1CCC(CC1)N1C(=O)NC2=C1C=CC=C2)C1=CC=C(F)C=C1
379,DTXSID70220132,DSSTox_Substance_Id,DTXSID70220132,Neratinib,CCOC1=C(NC(=O)\C=C\CN(C)C)C=C2C(NC3=CC(Cl)=C(OCC4=CC=CC=N4)C=C3)=C(C=NC2=C1)C#N
380,DTXSID6022345,DSSTox_Substance_Id,DTXSID6022345,"o,p'-DDT",ClC1=CC=C(C=C1)C(C1=CC=CC=C1Cl)C(Cl)(Cl)Cl
381,DTXSID0042668,DSSTox_Substance_Id,DTXSID0042668,Zoledronate,OC(CN1C=CN=C1)(P(O)(O)=O)P(O)(O)=O
382,DTXSID70241746,DSSTox_Substance_Id,DTXSID70241746,Quizartinib,CC(C)(C)C1=CC(NC(=O)NC2=CC=C(C=C2)C2=CN3C(SC4=C3C=CC(OCCN3CCOCC3)=C4)=N2)=NO1
383,DTXSID40190676,DSSTox_Substance_Id,DTXSID40190676,pi-103,OC1=CC=CC(=C1)C1=NC2=C(OC3=C2C=CC=N3)C(=N1)N1CCOCC1
384,DTXSID9040475,DSSTox_Substance_Id,DTXSID9040475,Exenatide,CC[C@H](C)[C@H](NC(=O)[C@H](CC1=CC=CC=C1)NC(=O)[C@H](CC(C)C)NC(=O)[C@H](CCCNC(N)=N)NC(=O)[C@@H](NC(=O)[C@H](C)NC(=O)[C@H](CCC(O)=O)NC(=O)[C@H](CCC(O)=O)NC(=O)[C@H](CCC(O)=O)NC(=O)[C@H](CCSC)NC(=O)[C@H](CCC(N)=O)NC(=O)[C@@H](CCCCN)NC(=O)[C@H](CO)NC(=O)[C@H](CC(C)C)NC(=O)[C@H](CC(O)=O)NC(=O)[C@H](CO)NC(=O)[C@@H](NC(=O)[C@H](CC1=CC=CC=C1)NC(=O)[C@@H](NC(=O)CNC(=O)[C@H](CCC(O)=O)NC(=O)CNC(=O)[C@@H](N)CC1=CNC=N1)[C@@H](C)O)[C@@H](C)O)C(C)C)C(=O)N[C@@H](CCC(O)=O)C(=O)N[C@@H](CC1=CNC2=CC=CC=C12)C(=O)N[C@@H](CC(C)C)C(=O)N[C@@H](CCCCN)C(=O)N[C@@H](CC(N)=O)C(=O)NCC(=O)NCC(=O)N1CCC[C@H]1C(=O)N[C@@H](CO)C(=O)N[C@@H](CO)C(=O)NCC(=O)N[C@@H](C)C(=O)N1CCC[C@H]1C(=O)N1CCC[C@H]1C(=O)N1CCC[C@H]1C(=O)N[C@@H](CO)C(N)=O
385,DTXSID40193506,DSSTox_Substance_Id,DTXSID40193506,Panobinostat,CC1=C(CCNCC2=CC=C(\C=C\C(=O)NO)C=C2)C2=CC=CC=C2N1
386,DTXSID7023518,DSSTox_Substance_Id,DTXSID7023518,Promethazine,CC(CN1C2=C(SC3=C1C=CC=C3)C=CC=C2)N(C)C
387,DTXSID7022966,DSSTox_Substance_Id,DTXSID7022966,Doxepin,CN(C)CCC=C1C2=C(COC3=C1C=CC=C3)C=CC=C2
388,DTXSID2022832,DSSTox_Substance_Id,DTXSID2022832,Clemastine,CN1CCC[C@@H]1CCO[C@](C)(C1=CC=CC=C1)C1=CC=C(Cl)C=C1
389,DTXSID3023718,DSSTox_Substance_Id,DTXSID3023718,Triprolidine,CC1=CC=C(C=C1)C(=C/CN1CCCC1)\C1=CC=CC=N1
390,DTXSID0023080,DSSTox_Substance_Id,DTXSID0023080,Frovatriptan,CN[C@@H]1CCC2=C(C1)C1=C(N2)C=CC(=C1)C(N)=O
391,DTXSID60500339,DSSTox_Substance_Id,DTXSID60500339,(3S)-1-Azabicyclo[2.2.2]octan-3-amine--hydrogen chloride (1/2),Cl.Cl.[H]C12CCN(CC1)C[C@H]2N
392,DTXSID2041094,DSSTox_Substance_Id,DTXSID2041094,Phenelzine,NNCCC1=CC=CC=C1
393,DTXSID7022419,DSSTox_Substance_Id,DTXSID7022419,Aldosterone,[H][C@@]12CC[C@H](C(=O)CO)[C@]1(C[C@H](O)[C@@]1([H])[C@@]2([H])CCC2=CC(=O)CC[C@]12C)C=O
394,DTXSID6020220,DSSTox_Substance_Id,DTXSID6020220,tert-Butylhydroquinone,CC(C)(C)C1=CC(O)=CC=C1O
395,DTXSID9023380,DSSTox_Substance_Id,DTXSID9023380,Norethindrone,[H][C@@]12CC[C@@](O)(C#C)[C@@]1(C)CC[C@]1([H])[C@@]3([H])CCC(=O)C=C3CC[C@@]21[H]
396,DTXSID40241930,DSSTox_Substance_Id,DTXSID40241930,Pictrelisib,CS(=O)(=O)N1CCN(CC2=CC3=C(S2)C(=NC(=N3)C2=C3C=NNC3=CC=C2)N2CCOCC2)CC1
397,DTXSID0044024,DSSTox_Substance_Id,DTXSID0044024,PD 0325901,OC[C@@H](O)CONC(=O)C1=C(NC2=CC=C(I)C=C2F)C(F)=C(F)C=C1
398,DTXSID2041046,DSSTox_Substance_Id,DTXSID2041046,Iloprost,[H][C@]12C[C@@H](O)[C@H](\C=C\[C@@H](O)C(C)CC#CC)[C@@]1([H])C\C(C2)=C\CCCC(O)=O
399,DTXSID2044002,DSSTox_Substance_Id,DTXSID2044002,Fluvoxamine,COCCCC\C(=N/OCCN)C1=CC=C(C=C1)C(F)(F)F
400,DTXSID0044280,DSSTox_Substance_Id,DTXSID0044280,Quinine,[H][C@]1(C[C@@H]2CC[N@]1C[C@@H]2C=C)[C@H](O)C1=CC=NC2=CC=C(OC)C=C12
401,DTXSID8021480,DSSTox_Substance_Id,DTXSID8021480,Doxorubicin,COC1=C2C(=O)C3=C(O)C4=C(C[C@](O)(C[C@@H]4O[C@H]4C[C@H](N)[C@H](O)[C@H](C)O4)C(=O)CO)C(O)=C3C(=O)C2=CC=C1
402,DTXSID2040236,DSSTox_Substance_Id,DTXSID2040236,Kojic acid,OCC1=CC(=O)C(O)=CO1
403,DTXSID4023129,DSSTox_Substance_Id,DTXSID4023129,Hydralazine,NNC1=NN=CC2=CC=CC=C12
404,DTXSID6021244,DSSTox_Substance_Id,DTXSID6021244,Rifampicin,CO[C@H]1\C=C\O[C@@]2(C)OC3=C(C2=O)C2=C(C(O)=C3C)C(O)=C(NC(=O)\C(C)=C/C=C/[C@H](C)[C@H](O)[C@@H](C)[C@@H](O)[C@@H](C)[C@H](OC(C)=O)[C@@H]1C)C(\C=N\N1CCN(C)CC1)=C2O
405,DTXSID4048569,DSSTox_Substance_Id,DTXSID4048569,Fasudil,O=S(=O)(N1CCCNCC1)C1=CC=CC2=C1C=CN=C2
406,DTXSID20196671,DSSTox_Substance_Id,DTXSID20196671,Obeticholic acid,[H][C@@]1(CC[C@@]2([H])[C@]3([H])[C@H](O)[C@H](CC)[C@]4([H])C[C@H](O)CC[C@]4(C)[C@@]3([H])CC[C@]12C)[C@H](C)CCC(O)=O
407,DTXSID10164703,DSSTox_Substance_Id,DTXSID10164703,4-(1H-Imidazol-4-ylmethyl)piperidine,C(C1CCNCC1)C1=CN=CN1
408,DTXSID2020929,DSSTox_Substance_Id,DTXSID2020929,Niacinamide,NC(=O)C1=CC=CN=C1
409,DTXSID80160954,DSSTox_Substance_Id,DTXSID80160954,"4-[2-[7-Amino-2-(2-furyl)[1,2,4]triazolo[2,3-a][1,3,5]triazin-5-ylamino]ethyl]phenol",NC1=NC(NCCC2=CC=C(O)C=C2)=NC2=NC(=NN12)C1=CC=CO1
410,DTXSID7022964,DSSTox_Substance_Id,DTXSID7022964,Doxazosin,COC1=C(OC)C=C2C(N)=NC(=NC2=C1)N1CCN(CC1)C(=O)C1COC2=C(O1)C=CC=C2
411,DTXSID3040691,DSSTox_Substance_Id,DTXSID3040691,Oxymetazoline,CC1=CC(=C(O)C(C)=C1CC1=NCCN1)C(C)(C)C
412,DTXSID6048549,DSSTox_Substance_Id,DTXSID6048549,Alfuzosin,COC1=CC2=C(C=C1OC)C(N)=NC(=N2)N(C)CCCNC(=O)C1CCCO1
413,DTXSID9046944,DSSTox_Substance_Id,DTXSID9046944,Guanfacine,NC(=N)NC(=O)CC1=C(Cl)C=CC=C1Cl
414,DTXSID1048415,DSSTox_Substance_Id,DTXSID1048415,Apraclonidine,NC1=CC(Cl)=C(NC2=NCCN2)C(Cl)=C1
415,DTXSID2023191,DSSTox_Substance_Id,DTXSID2023191,Labetalol,CC(CCC1=CC=CC=C1)NCC(O)C1=CC=C(O)C(=C1)C(N)=O
416,DTXSID8048529,DSSTox_Substance_Id,DTXSID8048529,Metaproterenol,CC(C)NCC(O)C1=CC(O)=CC(O)=C1
417,DTXSID8031077,DSSTox_Substance_Id,DTXSID8031077,Curcumin,COC1=CC(\C=C\C(=O)CC(=O)\C=C\C2=CC=C(O)C(OC)=C2)=CC=C1O
418,DTXSID9036515,DSSTox_Substance_Id,DTXSID9036515,Testosterone propionate,[H][C@@]12CC[C@H](OC(=O)CC)[C@@]1(C)CC[C@@]1([H])[C@@]2([H])CCC2=CC(=O)CC[C@]12C
419,DTXSID0046989,DSSTox_Substance_Id,DTXSID0046989,D-Tryptophan,N[C@H](CC1=CNC2=CC=CC=C12)C(O)=O
420,DTXSID5021419,DSSTox_Substance_Id,DTXSID5021419,L-Tryptophan,N[C@@H](CC1=CNC2=CC=CC=C12)C(O)=O
421,DTXSID9023126,DSSTox_Substance_Id,DTXSID9023126,L-Histidine,N[C@@H](CC1=CN=CN1)C(O)=O
422,DTXSID2021997,DSSTox_Substance_Id,DTXSID2021997,1-(2-Aminoethyl)piperazine,NCCN1CCNCC1
423,DTXSID7020348,DSSTox_Substance_Id,DTXSID7020348,Coumarin,O=C1OC2=C(C=CC=C2)C=C1
424,DTXSID8048286,DSSTox_Substance_Id,DTXSID8048286,Cinacalcet,C[C@@H](NCCCC1=CC=CC(=C1)C(F)(F)F)C1=CC=CC2=CC=CC=C12
425,DTXSID3022617,DSSTox_Substance_Id,DTXSID3022617,Arecoline,COC(=O)C1=CCCN(C)C1
426,DTXSID70231086,DSSTox_Substance_Id,DTXSID70231086,"4-Diphenylacetoxy-1,1-dimethylpiperidinium",C[N+]1(C)CCC(CC1)OC(=O)C(C1=CC=CC=C1)C1=CC=CC=C1
427,DTXSID60220464,DSSTox_Substance_Id,DTXSID60220464,Taranabant,C[C@H](NC(=O)C(C)(C)OC1=NC=C(C=C1)C(F)(F)F)[C@@H](CC1=CC=C(Cl)C=C1)C1=CC=CC(=C1)C#N
428,DTXSID7041120,DSSTox_Substance_Id,DTXSID7041120,SB 202190,OC1=CC=C(C=C1)C1=NC(=C(N1)C1=CC=C(F)C=C1)C1=CC=NC=C1
429,DTXSID7029879,DSSTox_Substance_Id,DTXSID7029879,Ketoconazole,CC(=O)N1CCN(CC1)C1=CC=C(OC[C@H]2CO[C@@](CN3C=CN=C3)(O2)C2=CC=C(Cl)C=C2Cl)C=C1
430,DTXSID1023314,DSSTox_Substance_Id,DTXSID1023314,Metyrapone,CC(C)(C(=O)C1=CN=CC=C1)C1=CN=CC=C1
431,DTXSID1045116,DSSTox_Substance_Id,DTXSID1045116,Domperidone,ClC1=CC2=C(C=C1)N(C1CCN(CCCN3C(=O)NC4=C3C=CC=C4)CC1)C(=O)N2
432,DTXSID30196066,DSSTox_Substance_Id,DTXSID30196066,Harmine,COC1=CC=C2C(NC3=C(C)N=CC=C23)=C1
433,DTXSID30153230,DSSTox_Substance_Id,DTXSID30153230,WZ-4002,COC1=C(NC2=NC=C(Cl)C(OC3=CC=CC(NC(=O)C=C)=C3)=N2)C=CC(=C1)N1CCN(C)CC1
434,DTXSID9022366,DSSTox_Substance_Id,DTXSID9022366,Estriol,C[C@]12CC[C@H]3[C@@H](CCC4=C3C=CC(O)=C4)[C@@H]1C[C@@H](O)[C@@H]2O
435,DTXSID5033836,DSSTox_Substance_Id,DTXSID5033836,4-Nonylphenol,CCCCCCCCCC1=CC=C(O)C=C1
436,DTXSID0021460,DSSTox_Substance_Id,DTXSID0021460,Zearalenone,C[C@H]1CCCC(=O)CCC\C=C\C2=C(C(O)=CC(O)=C2)C(=O)O1
437,DTXSID9022310,DSSTox_Substance_Id,DTXSID9022310,Daidzein,[H]C1=CC(O)=CC2=C1C(=O)C(=CO2)C1=CC=C(O)C=C1
438,DTXSID7046467,DSSTox_Substance_Id,DTXSID7046467,Argatroban,C[C@@H]1CCN([C@H](C1)C(O)=O)C(=O)[C@H](CCCNC(N)=N)NS(=O)(=O)C1=CC=CC2=C1NCC(C)C2
439,DTXSID10238599,DSSTox_Substance_Id,DTXSID10238599,Dactolisib,CN1C(=O)N(C2=C3C=C(C=CC3=NC=C12)C1=CC2=CC=CC=C2N=C1)C1=CC=C(C=C1)C(C)(C)C#N
440,DTXSID7023435,DSSTox_Substance_Id,DTXSID7023435,Pentobarbital,CCCC(C)C1(CC)C(=O)NC(=O)NC1=O
441,DTXSID70237088,DSSTox_Substance_Id,DTXSID70237088,4-(((3-phenoxyphenyl)methyl)amino)-Benzenepropanoic acid,OC(=O)CCC1=CC=C(NCC2=CC=CC(OC3=CC=CC=C3)=C2)C=C1
442,DTXSID60152256,DSSTox_Substance_Id,DTXSID60152256,"2,3-Dioxo-6-nitro-7-sulfamoylbenzo(f)quinoxaline",NS(=O)(=O)C1=CC=CC2=C3NC(=O)C(=O)NC3=CC(=C12)[N+]([O-])=O
443,DTXSID5020784,DSSTox_Substance_Id,DTXSID5020784,Lovastatin,[H][C@]12[C@H](C[C@@H](C)C=C1C=C[C@H](C)[C@@H]2CC[C@@H]1C[C@@H](O)CC(=O)O1)OC(=O)[C@@H](C)CC
444,DTXSID0023581,DSSTox_Substance_Id,DTXSID0023581,Simvastatin,CCC(C)(C)C(=O)O[C@H]1C[C@@H](C)C=C2C=C[C@H](C)[C@H](CC[C@@H]3C[C@@H](O)CC(=O)O3)[C@@H]12
445,DTXSID1044196,DSSTox_Substance_Id,DTXSID1044196,Desloratadine,ClC1=CC=C2C(CCC3=C(N=CC=C3)C2=C2CCNCC2)=C1
446,DTXSID4022787,DSSTox_Substance_Id,DTXSID4022787,Cetirizine,OC(=O)COCCN1CCN(CC1)C(C1=CC=CC=C1)C1=CC=C(Cl)C=C1
447,DTXSID2023357,DSSTox_Substance_Id,DTXSID2023357,Nefazodone,CCC1=NN(CCCN2CCN(CC2)C2=CC(Cl)=CC=C2)C(=O)N1CCOC1=CC=CC=C1
448,DTXSID6048967,DSSTox_Substance_Id,DTXSID6048967,Sertindole,FC1=CC=C(C=C1)N1C=C(C2CCN(CCN3CCNC3=O)CC2)C2=C1C=CC(Cl)=C2
449,DTXSID10233968,DSSTox_Substance_Id,DTXSID10233968,Cabozantinib,COC1=CC2=NC=CC(OC3=CC=C(NC(=O)C4(CC4)C(=O)NC4=CC=C(F)C=C4)C=C3)=C2C=C1OC
450,DTXSID6034186,DSSTox_Substance_Id,DTXSID6034186,Spironolactone,[H][C@@]12CC[C@@]3(CCC(=O)O3)[C@@]1(C)CC[C@@]1([H])[C@@]2([H])[C@@H](CC2=CC(=O)CC[C@]12C)SC(C)=O
451,DTXSID2042696,DSSTox_Substance_Id,DTXSID2042696,N-omega-Nitro-L-arginine,N[C@@H](CCCNC(=N)N[N+]([O-])=O)C(O)=O
452,DTXSID5021170,DSSTox_Substance_Id,DTXSID5021170,Piroxicam,CN1C(C(=O)NC2=NC=CC=C2)=C(O)C2=C(C=CC=C2)S1(=O)=O
453,DTXSID5023243,DSSTox_Substance_Id,DTXSID5023243,Mefenamic acid,CC1=C(C)C(NC2=C(C=CC=C2)C(O)=O)=CC=C1
454,DTXSID9049035,DSSTox_Substance_Id,DTXSID9049035,Lumiracoxib,CC1=CC=C(NC2=C(F)C=CC=C2Cl)C(CC(O)=O)=C1
455,DTXSID9020615,DSSTox_Substance_Id,DTXSID9020615,Etodolac,CCC1=CC=CC2=C1NC1=C2CCOC1(CC)CC(O)=O
456,DTXSID3046457,DSSTox_Substance_Id,DTXSID3046457,Etoricoxib,CC1=NC=C(C=C1)C1=NC=C(Cl)C=C1C1=CC=C(C=C1)S(C)(=O)=O
457,DTXSID8023054,DSSTox_Substance_Id,DTXSID8023054,Flecainide,FC(F)(F)COC1=CC(C(=O)NCC2CCCCN2)=C(OCC(F)(F)F)C=C1
458,DTXSID40440224,DSSTox_Substance_Id,DTXSID40440224,SNAP-5114,COC1=CC=C(C=C1)C(OCCN1CCC[C@@H](C1)C(O)=O)(C1=CC=C(OC)C=C1)C1=CC=C(OC)C=C1
459,DTXSID0045175,DSSTox_Substance_Id,DTXSID0045175,Nisoxetine,CNCCC(OC1=CC=CC=C1OC)C1=CC=CC=C1
460,DTXSID9022659,DSSTox_Substance_Id,DTXSID9022659,Benztropine,CN1[C@H]2CC[C@@H]1C[C@@H](C2)OC(C1=CC=CC=C1)C1=CC=CC=C1
461,DTXSID6022844,DSSTox_Substance_Id,DTXSID6022844,Clomipramine,CN(C)CCCN1C2=CC=CC=C2CCC2=CC=C(Cl)C=C12
462,DTXSID7023512,DSSTox_Substance_Id,DTXSID7023512,Procainamide,CCN(CC)CCNC(=O)C1=CC=C(N)C=C1
463,DTXSID4058106,DSSTox_Substance_Id,DTXSID4058106,Cyperquat,C[N+]1=CC=C(C=C1)C1=CC=CC=C1
464,DTXSID0046482,DSSTox_Substance_Id,DTXSID0046482,Raltitrexed,CN(CC1=CC2=C(C=C1)N=C(C)NC2=O)C1=CC=C(S1)C(=O)N[C@@H](CCC(O)=O)C(O)=O
465,DTXSID5020233,DSSTox_Substance_Id,DTXSID5020233,Ergocalciferol,[H][C@@]1(CC[C@@]2([H])\C(CCC[C@]12C)=C\C=C1\C[C@@H](O)CCC1=C)[C@H](C)\C=C\[C@H](C)C(C)C
466,DTXSID90432997,DSSTox_Substance_Id,DTXSID90432997,BCTC,CC(C)(C)C1=CC=C(NC(=O)N2CCN(CC2)C2=C(Cl)C=CC=N2)C=C1
467,DTXSID50581753,DSSTox_Substance_Id,DTXSID50581753,"2-(9-Chloro-1H-phenanthro[9,10-d]imidazol-2-yl)benzene-1,3-dicarbonitrile",ClC1=CC2=C(C=C1)C1=C(N=C(N1)C1=C(C=CC=C1C#N)C#N)C1=CC=CC=C21
468,DTXSID7023433,DSSTox_Substance_Id,DTXSID7023433,dl-Pentazocine,[H][C@]12CC3=C(C=C(O)C=C3)[C@](C)(CCN1CC=C(C)C)[C@H]2C
469,DTXSID8043737,DSSTox_Substance_Id,DTXSID8043737,Imetit,NC(=N)SCCC1=CNC=N1
470,DTXSID1046344,DSSTox_Substance_Id,DTXSID1046344,Suramin,CC1=CC=C(C=C1NC(=O)C1=CC(NC(=O)NC2=CC(=CC=C2)C(=O)NC2=C(C)C=CC(=C2)C(=O)NC2=CC=C(C3=CC(=CC(=C23)S(O)(=O)=O)S(O)(=O)=O)S(O)(=O)=O)=CC=C1)C(=O)NC1=CC=C(C2=C1C(=CC(=C2)S(O)(=O)=O)S(O)(=O)=O)S(O)(=O)=O
471,DTXSID7041047,DSSTox_Substance_Id,DTXSID7041047,Imiquimod,CC(C)CN1C=NC2=C(N)N=C3C=CC=CC3=C12
472,DTXSID50241426,DSSTox_Substance_Id,DTXSID50241426,Ponatinib,CN1CCN(CC2=C(C=C(NC(=O)C3=CC(C#CC4=CN=C5C=CC=NN45)=C(C)C=C3)C=C2)C(F)(F)F)CC1
473,DTXSID1023360,DSSTox_Substance_Id,DTXSID1023360,Neostigmine,CN(C)C(=O)OC1=CC=CC(=C1)[N+](C)(C)C
474,DTXSID10429546,DSSTox_Substance_Id,DTXSID10429546,Heptylenebis-tacrine,C(CCCNC1=C2CCCCC2=NC2=CC=CC=C12)CCCNC1=C2CCCCC2=NC2=CC=CC=C12
475,DTXSID90238456,DSSTox_Substance_Id,DTXSID90238456,Veliparib,C[C@@]1(CCCN1)C1=NC2=C(C=CC=C2N1)C(N)=O
476,DTXSID4023462,DSSTox_Substance_Id,DTXSID4023462,Phentolamine,CC1=CC=C(C=C1)N(CC1=NCCN1)C1=CC(O)=CC=C1
477,DTXSID10873388,DSSTox_Substance_Id,DTXSID10873388,Dexmedetomidine,C[C@H](C1=CN=CN1)C1=C(C)C(C)=CC=C1
478,DTXSID40110071,DSSTox_Substance_Id,DTXSID40110071,"(R,R)-Formoterol",COC1=CC=C(C[C@@H](C)NC[C@H](O)C2=CC(NC=O)=C(O)C=C2)C=C1
479,DTXSID6041004,DSSTox_Substance_Id,DTXSID6041004,"Disodium (R,R)-5-(2-((2-(3-chlorophenyl)-2-hydroxyethyl)-amino)propyl)-1,3-benzodioxole-2,3-dicarboxylate",[Na+].[Na+].C[C@H](CC1=CC2=C(OC(O2)(C([O-])=O)C([O-])=O)C=C1)NC[C@H](O)C1=CC=CC(Cl)=C1
480,DTXSID0022725,DSSTox_Substance_Id,DTXSID0022725,Candesartan,CCOC1=NC2=CC=CC(C(O)=O)=C2N1CC1=CC=C(C=C1)C1=C(C=CC=C1)C1=NN=NN1
481,DTXSID9020374,DSSTox_Substance_Id,DTXSID9020374,"p,p'-DDE",ClC(Cl)=C(C1=CC=C(Cl)C=C1)C1=CC=C(Cl)C=C1
482,DTXSID1033664,DSSTox_Substance_Id,DTXSID1033664,17-Methyltestosterone,[H][C@@]12CC[C@](C)(O)[C@@]1(C)CC[C@@]1([H])[C@@]2([H])CCC2=CC(=O)CC[C@]12C
483,DTXSID8033512,DSSTox_Substance_Id,DTXSID8033512,Fluoxymestrone,C[C@]1(O)CC[C@H]2[C@@H]3CCC4=CC(=O)CC[C@]4(C)[C@@]3(F)[C@@H](O)C[C@]12C
484,DTXSID80883373,DSSTox_Substance_Id,DTXSID80883373,Citrulline,N[C@@H](CCCNC(N)=O)C(O)=O
485,DTXSID0022933,DSSTox_Substance_Id,DTXSID0022933,Digitoxin,[H][C@@]1(C[C@H](O)[C@H](O[C@@]2([H])C[C@H](O)[C@H](O[C@@]3([H])C[C@H](O)[C@H](O)[C@@H](C)O3)[C@@H](C)O2)[C@@H](C)O1)O[C@H]1CC[C@@]2(C)[C@]([H])(CC[C@]3([H])[C@]2([H])CC[C@]2(C)[C@H](CC[C@]32O)C2=CC(=O)OC2)C1
486,DTXSID1023730,DSSTox_Substance_Id,DTXSID1023730,L-Tyrosine,N[C@@H](CC1=CC=C(O)C=C1)C(O)=O
487,DTXSID4044408,DSSTox_Substance_Id,DTXSID4044408,2-Morpholinoethylamine,NCCN1CCOCC1
488,DTXSID4025876,DSSTox_Substance_Id,DTXSID4025876,D-Phenylalanine,N[C@H](CC1=CC=CC=C1)C(O)=O
489,DTXSID5022196,DSSTox_Substance_Id,DTXSID5022196,2-(2-Aminoethyl)pyridine,NCCC1=NC=CC=C1
490,DTXSID4040763,DSSTox_Substance_Id,DTXSID4040763,L-Phenylalanine,N[C@@H](CC1=CC=CC=C1)C(O)=O
491,DTXSID4021343,DSSTox_Substance_Id,DTXSID4021343,Sodium thiocyanate,[Na+].[S-]C#N
492,DTXSID70206673,DSSTox_Substance_Id,DTXSID70206673,Dopa D-form,N[C@H](CC1=CC(O)=C(O)C=C1)C(O)=O
493,DTXSID9023209,DSSTox_Substance_Id,DTXSID9023209,Levodopa,N[C@@H](CC1=CC=C(O)C(O)=C1)C(O)=O
494,DTXSID5063152,DSSTox_Substance_Id,DTXSID5063152,2-Pyridinemethanamine,NCC1=CC=CC=N1
495,DTXSID90178828,DSSTox_Substance_Id,DTXSID90178828,4-Aminophenylalanine,N[C@@H](CC1=CC=C(N)C=C1)C(O)=O
496,DTXSID90144068,DSSTox_Substance_Id,DTXSID90144068,2-(2-Hydroxyethylamino)-6-(benzylamino)-9-methylpurine,CN1C=NC2=C(NCC3=CC=CC=C3)N=C(NCCO)N=C12
497,DTXSID5048639,DSSTox_Substance_Id,DTXSID5048639,"(11alpha)-16,16-Difluoro-11-hydroxy-9,15-dioxoprostan-1-oic acid",CCCCC(F)(F)C(=O)CC[C@H]1[C@H](O)CC(=O)[C@@H]1CCCCCCC(O)=O
498,DTXSID8023341,DSSTox_Substance_Id,DTXSID8023341,Nabilone,[H][C@@]12CC(=O)CC[C@@]1([H])C(C)(C)OC1=CC(=CC(O)=C21)C(C)(C)CCCCCC
499,DTXSID1022392,DSSTox_Substance_Id,DTXSID1022392,Naringenin,OC1=CC=C(C=C1)[C@@H]1CC(=O)C2=C(O1)C=C(O)C=C2O
