,SMILES_original,SMILES_standardized,InChI_standardized,InChIKey_standardized,Unnamed: 0.1,Unnamed: 0,INPUT,FOUND_BY,DTXSID,PREFERRED_NAME
0,CC(CCOC1=CC2=C(C=CC(=O)O2)C=C1)C1=CC(=O)C(C)(C)O1,CC(CCOc1ccc2ccc(=O)oc2c1)=C1CC(=O)C(C)(C)O1,"InChI=1S/C19H20O5/c1-12(15-11-17(20)19(2,3)24-15)8-9-22-14-6-4-13-5-7-18(21)23-16(13)10-14/h4-7,10H,8-9,11H2,1-3H3",AFTHWLVJLGGCIP-UHFFFAOYSA-N,325,5825,DTXSID80302498,DSSTox_Substance_Id,DTXSID80302498,"7-[3-(5,5-dimethyl-4-oxofuran-2-yl)butoxy]chromen-2-one"
1,O=C1NCC2=CC=CC=C12,O=C1NCc2ccccc21,"InChI=1S/C8H7NO/c10-8-7-4-2-1-3-6(7)5-9-8/h1-4H,5H2,(H,9,10)",PXZQEOJJUGGUIB-UHFFFAOYSA-N,326,5826,DTXSID30197391,DSSTox_Substance_Id,DTXSID30197391,"2,3-Dihydro-1H-isoindol-1-one"
2,CC1=NN(C(=O)C1)C1=CC=CC(=C1)S(N)(=O)=O,Cc1cc(=O)n(-c2cccc(S(N)(=O)=O)c2)[nH]1,"InChI=1S/C10H11N3O3S/c1-7-5-10(14)13(12-7)8-3-2-4-9(6-8)17(11,15)16/h2-6,12H,1H3,(H2,11,15,16)",PPEKQURPUIEILH-UHFFFAOYSA-N,327,5827,DTXSID0058984,DSSTox_Substance_Id,DTXSID0058984,"Benzenesulfonamide, 3-(4,5-dihydro-3-methyl-5-oxo-1H-pyrazol-1-yl)-"
3,CCOP(=S)(OCC)OC1=CC2=C(C=C1)C(C)=C(Cl)C(=O)O2,CCOP(=S)(OCC)Oc1ccc2c(C)c(Cl)c(=O)oc2c1,"InChI=1S/C14H16ClO5PS/c1-4-17-21(22,18-5-2)20-10-6-7-11-9(3)13(15)14(16)19-12(11)8-10/h6-8H,4-5H2,1-3H3",BXNANOICGRISHX-UHFFFAOYSA-N,328,5828,DTXSID2020347,DSSTox_Substance_Id,DTXSID2020347,Coumaphos
4,NCCNC1=C2C=CC=CC2=CC=C1,NCCNc1cccc2ccccc12,"InChI=1S/C12H14N2/c13-8-9-14-12-7-3-5-10-4-1-2-6-11(10)12/h1-7,14H,8-9,13H2",NULAJYZBOLVQPQ-UHFFFAOYSA-N,329,5829,DTXSID7043744,DSSTox_Substance_Id,DTXSID7043744,N-(1-Naphthyl)ethylenediamine
5,OC(=O)C1=C(O)C=CC(=C1)S(O)(=O)=O,O=C(O)c1cc(S(=O)(=O)O)ccc1O,"InChI=1S/C7H6O6S/c8-6-2-1-4(14(11,12)13)3-5(6)7(9)10/h1-3,8H,(H,9,10)(H,11,12,13)",YCPXWRQRBFJBPZ-UHFFFAOYSA-N,330,5830,DTXSID7059145,DSSTox_Substance_Id,DTXSID7059145,"Benzoic acid, 2-hydroxy-5-sulfo-"
6,CC(=O)SC1=C(C=C(C)C(Cl)=C1)S(N)(=O)=O,CC(=O)Sc1cc(Cl)c(C)cc1S(N)(=O)=O,"InChI=1S/C9H10ClNO3S2/c1-5-3-9(16(11,13)14)8(4-7(5)10)15-6(2)12/h3-4H,1-2H3,(H2,11,13,14)",KVYLBQPKFMEFDK-UHFFFAOYSA-N,331,5831,DTXSID10555657,DSSTox_Substance_Id,DTXSID10555657,S-(5-Chloro-4-methyl-2-sulfamoylphenyl) ethanethioate
7,OC1=CC2=C(C=C1)C(CCl)=CC(=O)O2,O=c1cc(CCl)c2ccc(O)cc2o1,"InChI=1S/C10H7ClO3/c11-5-6-3-10(13)14-9-4-7(12)1-2-8(6)9/h1-4,12H,5H2",TXSLBPGPBNGHRW-UHFFFAOYSA-N,332,5832,DTXSID10419866,DSSTox_Substance_Id,DTXSID10419866,4-(chloromethyl)-7-hydroxy-2H-chromen-2-one
8,CS(N)(=O)=O,CS(N)(=O)=O,"InChI=1S/CH5NO2S/c1-5(2,3)4/h1H3,(H2,2,3,4)",HNQIVZYLYMDVSB-UHFFFAOYSA-N,333,5833,DTXSID3062865,DSSTox_Substance_Id,DTXSID3062865,Methanesulfonamide
9,[Na+].[O-]C(=O)C1=CC=C(Br)C=C1,O=C(O)c1ccc(Br)cc1,"InChI=1S/C7H5BrO2/c8-6-3-1-5(2-4-6)7(9)10/h1-4H,(H,9,10)",TUXYZHVUPGXXQG-UHFFFAOYSA-N,334,5834,DTXSID80179960,DSSTox_Substance_Id,DTXSID80179960,"Benzoic acid, p-bromo-, sodium salt"
10,O=C1N(CC#C)S(=O)(=O)C2=CC=CC=C12,C#CCN1C(=O)c2ccccc2S1(=O)=O,"InChI=1S/C10H7NO3S/c1-2-7-11-10(12)8-5-3-4-6-9(8)15(11,13)14/h1,3-6H,7H2",BEJGLFVJZIJLDQ-UHFFFAOYSA-N,336,5836,DTXSID80194299,DSSTox_Substance_Id,DTXSID80194299,"2-(2-Propynyl)-1,2-benzisothiazol-3(2H)-one 1,1-dioxide"
11,NS(=O)(=O)C1=CC=C(C=C1)N1C(=O)C2=CC=CC=C2C1=O,NS(=O)(=O)c1ccc(N2C(=O)c3ccccc3C2=O)cc1,"InChI=1S/C14H10N2O4S/c15-21(19,20)10-7-5-9(6-8-10)16-13(17)11-3-1-2-4-12(11)14(16)18/h1-8H,(H2,15,19,20)",OUGLLSMFRGBCIL-UHFFFAOYSA-N,337,5837,DTXSID10393910,DSSTox_Substance_Id,DTXSID10393910,"4-(1,3-Dioxo-1,3-dihydro-2H-isoindol-2-yl)benzene-1-sulfonamide"
12,Cl.NCC1=CC=C(C=C1)S(N)(=O)=O,NCc1ccc(S(N)(=O)=O)cc1,"InChI=1S/C7H10N2O2S/c8-5-6-1-3-7(4-2-6)12(9,10)11/h1-4H,5,8H2,(H2,9,10,11)",TYMRLRRVMHJFTF-UHFFFAOYSA-N,338,5838,DTXSID6045296,DSSTox_Substance_Id,DTXSID6045296,Mafenide hydrochloride
13,OB(O)C1=CC2=CC=CC=C2C=C1,OB(O)c1ccc2ccccc2c1,"InChI=1S/C10H9BO2/c12-11(13)10-6-5-8-3-1-2-4-9(8)7-10/h1-7,12-13H",KPTRDYONBVUWPD-UHFFFAOYSA-N,339,5839,DTXSID50370265,DSSTox_Substance_Id,DTXSID50370265,2-Naphthaleneboronic acid
14,CC1=CC(C)=CC(=O)O1,Cc1cc(C)oc(=O)c1,"InChI=1S/C7H8O2/c1-5-3-6(2)9-7(8)4-5/h3-4H,1-2H3",IXYLIUKQQQXXON-UHFFFAOYSA-N,340,5840,DTXSID6060973,DSSTox_Substance_Id,DTXSID6060973,"2H-Pyran-2-one, 4,6-dimethyl-"
15,NC1=NN=C(S)S1,N=c1[nH][nH]c(=S)s1,"InChI=1S/C2H3N3S2/c3-1-4-5-2(6)7-1/h(H2,3,4)(H,5,6)",GDGIVSREGUOIJZ-UHFFFAOYSA-N,341,5841,DTXSID1051486,DSSTox_Substance_Id,DTXSID1051486,"5-Amino-1,3,4-thiadiazole-2-thiol"
16,OC1=CC2=C(SC(=O)O2)C=C1,O=c1oc2cc(O)ccc2s1,"InChI=1S/C7H4O3S/c8-4-1-2-6-5(3-4)10-7(9)11-6/h1-3,8H",SLYPOVJCSQHITR-UHFFFAOYSA-N,342,5842,DTXSID5045885,DSSTox_Substance_Id,DTXSID5045885,Thioxolone
17,OC(=O)C1=C(O)C=C(C=C1)S(O)(=O)=O,O=C(O)c1ccc(S(=O)(=O)O)cc1O,"InChI=1S/C7H6O6S/c8-6-3-4(14(11,12)13)1-2-5(6)7(9)10/h1-3,8H,(H,9,10)(H,11,12,13)",RHLPAVIBWYPLRV-UHFFFAOYSA-N,343,5843,DTXSID70276533,DSSTox_Substance_Id,DTXSID70276533,4-Sulfosalicylic acid
18,NCCNCCNCCN,NCCNCCNCCN,"InChI=1S/C6H18N4/c7-1-3-9-5-6-10-4-2-8/h9-10H,1-8H2",VILCJCGEZXAXTO-UHFFFAOYSA-N,344,5844,DTXSID9023702,DSSTox_Substance_Id,DTXSID9023702,"N1,N2-Bis(2-aminoethyl)-1,2-ethanediamine"
19,[K+].CC(C)OC([S-])=S,CC(C)OC(=S)S,"InChI=1S/C4H8OS2/c1-3(2)5-4(6)7/h3H,1-2H3,(H,6,7)",UOJYYXATTMQQNA-UHFFFAOYSA-N,345,5845,DTXSID6046973,DSSTox_Substance_Id,DTXSID6046973,Proxan-potassium
20,F[P-](F)(F)(F)(F)F,F[PH](F)(F)(F)(F)F,"InChI=1S/F6P/c1-7(2,3,4,5)6",WBPJDOUFWQVMRN-UHFFFAOYSA-N,346,5846,DTXSID40872465,DSSTox_Substance_Id,DTXSID40872465,Hexafluorophosphate ion
21,CC(C)C(=O)NC1=CC=C(C=C1)S(N)(=O)=O,CC(C)C(=O)Nc1ccc(S(N)(=O)=O)cc1,"InChI=1S/C10H14N2O3S/c1-7(2)10(13)12-8-3-5-9(6-4-8)16(11,14)15/h3-7H,1-2H3,(H,12,13)(H2,11,14,15)",VVHPZBGPXIXCQI-UHFFFAOYSA-N,347,5847,DTXSID70390682,DSSTox_Substance_Id,DTXSID70390682,"Propanamide, N-[4-(aminosulfonyl)phenyl]-2-methyl-"
22,CC(C)(C)OC(=O)NS(=O)(=O)NCC1=CC=CC=C1,CC(C)(C)OC(=O)NS(=O)(=O)NCc1ccccc1,"InChI=1S/C12H18N2O4S/c1-12(2,3)18-11(15)14-19(16,17)13-9-10-7-5-4-6-8-10/h4-8,13H,9H2,1-3H3,(H,14,15)",LQYHTXUYYNNFPZ-UHFFFAOYSA-N,348,5848,DTXSID20590852,DSSTox_Substance_Id,DTXSID20590852,tert-Butyl (benzylsulfamoyl)carbamate
23,CC1=CC=C(C=C1)C(F)(F)S(N)(=O)=O,Cc1ccc(C(F)(F)S(N)(=O)=O)cc1,"InChI=1S/C8H9F2NO2S/c1-6-2-4-7(5-3-6)8(9,10)14(11,12)13/h2-5H,1H3,(H2,11,12,13)",QPMHTUPJLAWJAW-UHFFFAOYSA-N,349,5849,DTXSID60658763,DSSTox_Substance_Id,DTXSID60658763,"1,1-Difluoro-1-(4-methylphenyl)methanesulfonamide"
24,CN1C(=O)C=C(NC2=CC=CC=C2)C2=C1N(C(=O)N(C2=O)C1=CC=CC=C1)C1=CC=CC=C1,Cn1c(=O)cc(Nc2ccccc2)c2c(=O)n(-c3ccccc3)c(=O)n(-c3ccccc3)c21,"InChI=1S/C26H20N4O3/c1-28-22(31)17-21(27-18-11-5-2-6-12-18)23-24(28)29(19-13-7-3-8-14-19)26(33)30(25(23)32)20-15-9-4-10-16-20/h2-17,27H,1H3",UWHPGBMOMNSDQL-UHFFFAOYSA-N,800,23050,DTXSID50382964,DSSTox_Substance_Id,DTXSID50382964,"5-anilino-8-methyl-1,3-diphenyl-1,2,3,4,7,8-hexahydropyrido[2,3-d]pyrimidine-2,4,7-trione"
25,CC1=CC=C(C=C1)S(=O)(=O)N1CCC2=CC=CC=C2CC1,Cc1ccc(S(=O)(=O)N2CCc3ccccc3CC2)cc1,"InChI=1S/C17H19NO2S/c1-14-6-8-17(9-7-14)21(19,20)18-12-10-15-4-2-3-5-16(15)11-13-18/h2-9H,10-13H2,1H3",LBEQPUMCFYHPIM-UHFFFAOYSA-N,801,23051,DTXSID40293898,DSSTox_Substance_Id,DTXSID40293898,MLS002695149
26,CC1=CC(=NC(N)=N1)N1CCOCC1,Cc1cc(N2CCOCC2)[nH]c(=N)n1,"InChI=1S/C9H14N4O/c1-7-6-8(12-9(10)11-7)13-2-4-14-5-3-13/h6H,2-5H2,1H3,(H2,10,11,12)",KDUPOTNTAFUNNE-UHFFFAOYSA-N,802,23052,DTXSID30394585,DSSTox_Substance_Id,DTXSID30394585,2-Amino-4-morpholino-6-methylpyrimidine
27,CCCSC1=NC2=C(N1C)C(=O)NC(=O)N2C,CCCSc1nc2c(c(=O)[nH]c(=O)n2C)n1C,"InChI=1S/C10H14N4O2S/c1-4-5-17-10-11-7-6(13(10)2)8(15)12-9(16)14(7)3/h4-5H2,1-3H3,(H,12,15,16)",OWVDTHIYHTUYFI-UHFFFAOYSA-N,803,23053,DTXSID90224930,DSSTox_Substance_Id,DTXSID90224930,"Theobromine, 8-(propylthio)-"
28,OCC1OC(C(O)C1O)C1=C(OCC2=CC=CC=C2)C=C(OCC2=CC=CC=C2)C=C1,OCC1OC(c2ccc(OCc3ccccc3)cc2OCc2ccccc2)C(O)C1O,"InChI=1S/C25H26O6/c26-14-22-23(27)24(28)25(31-22)20-12-11-19(29-15-17-7-3-1-4-8-17)13-21(20)30-16-18-9-5-2-6-10-18/h1-13,22-28H,14-16H2",KBACUDVPRKZJBA-UHFFFAOYSA-N,804,23054,DTXSID90314067,DSSTox_Substance_Id,DTXSID90314067,MLS003115502
29,S=C1NC2=CC=CC=C2CS1,S=C1Nc2ccccc2CS1,"InChI=1S/C8H7NS2/c10-8-9-7-4-2-1-3-6(7)5-11-8/h1-4H,5H2,(H,9,10)",CFQKBLDAMMCXOM-UHFFFAOYSA-N,805,23055,DTXSID60398278,DSSTox_Substance_Id,DTXSID60398278,"4H-3,1-Benzothiazine-2-thiol"
30,O=C(NC(=S)NC1=CC(NC(=S)NC(=O)C2=CC=CC=C2)=CC=C1)C1=CC=CC=C1,O=C(NC(=S)Nc1cccc(NC(=S)NC(=O)c2ccccc2)c1)c1ccccc1,"InChI=1S/C22H18N4O2S2/c27-19(15-8-3-1-4-9-15)25-21(29)23-17-12-7-13-18(14-17)24-22(30)26-20(28)16-10-5-2-6-11-16/h1-14H,(H2,23,25,27,29)(H2,24,26,28,30)",OQJWOAKDDASRJT-UHFFFAOYSA-N,806,23056,DTXSID50213481,DSSTox_Substance_Id,DTXSID50213481,"Benzamide, N,N'-(1,3-phenylenebis(iminocarbonothioyl))bis-"
31,NC1=NC(=O)C2=C(N1)N(C=N2)C1CCCC1,N=c1[nH]c(=O)c2ncn(C3CCCC3)c2[nH]1,"InChI=1S/C10H13N5O/c11-10-13-8-7(9(16)14-10)12-5-15(8)6-3-1-2-4-6/h5-6H,1-4H2,(H3,11,13,14,16)",PKFFVWSMZQVYAY-UHFFFAOYSA-N,807,23057,DTXSID40288840,DSSTox_Substance_Id,DTXSID40288840,MLS002667908
32,O=C1C(C2=CC=CC=C2N1CC1=CC=CC=C1)C1=CC=CC=C1,Oc1c(-c2ccccc2)c2ccccc2n1Cc1ccccc1,"InChI=1S/C21H17NO/c23-21-20(17-11-5-2-6-12-17)18-13-7-8-14-19(18)22(21)15-16-9-3-1-4-10-16/h1-14,23H,15H2",SWKYLISLARVIPZ-UHFFFAOYSA-N,808,23058,DTXSID00278722,DSSTox_Substance_Id,DTXSID00278722,MLS002638091
33,BrC1=CC2=C(C=C1)N=C1CCCCCN1C2=O,O=c1c2cc(Br)ccc2nc2n1CCCCC2,"InChI=1S/C13H13BrN2O/c14-9-5-6-11-10(8-9)13(17)16-7-3-1-2-4-12(16)15-11/h5-6,8H,1-4,7H2",UVXPVYCKBNPTSQ-UHFFFAOYSA-N,809,23059,DTXSID30352302,DSSTox_Substance_Id,DTXSID30352302,"2-bromo-7,8,9,10-tetrahydroazepino[2,1-b]quinazolin-12(6h)-one"
34,C=CCOC(=O)C(C(=O)CC1=CC=CC=C1)C1=CC=CC=C1,C=CCOC(=O)C(C(=O)Cc1ccccc1)c1ccccc1,"InChI=1S/C19H18O3/c1-2-13-22-19(21)18(16-11-7-4-8-12-16)17(20)14-15-9-5-3-6-10-15/h2-12,18H,1,13-14H2",PZQCSUCHUWWPHN-UHFFFAOYSA-N,810,23060,DTXSID00284489,DSSTox_Substance_Id,DTXSID00284489,MLS002608041
35,[H]C12CC3([H])CC([H])(C1)CC(C2)(C3)NC(=O)C1=CC(Br)=CN=C1,O=C(NC12CC3CC(CC(C3)C1)C2)c1cncc(Br)c1,"InChI=1S/C16H19BrN2O/c17-14-4-13(8-18-9-14)15(20)19-16-5-10-1-11(6-16)3-12(2-10)7-16/h4,8-12H,1-3,5-7H2,(H,19,20)",ZZAVMUUVTVJDNX-UHFFFAOYSA-N,811,23061,DTXSID70155359,DSSTox_Substance_Id,DTXSID70155359,"3-Pyridinecarboxamide, 5-bromo-N-tricyclo(3.3.1.1(sup 3,7))dec-1-yl-"
36,CC1=C(NC(=NC1=O)C1=CC=CC=C1)C1=CC=CC=C1,Cc1c(-c2ccccc2)[nH]c(-c2ccccc2)nc1=O,"InChI=1S/C17H14N2O/c1-12-15(13-8-4-2-5-9-13)18-16(19-17(12)20)14-10-6-3-7-11-14/h2-11H,1H3,(H,18,19,20)",OUTKMWAYIDLESC-UHFFFAOYSA-N,812,23062,DTXSID90356482,DSSTox_Substance_Id,DTXSID90356482,"5-methyl-2,6-diphenyl-4-pyrimidinol"
37,CN1CCN(CC1)C1=NC=NC2=C1C=C(Br)C=C2,CN1CCN(c2ncnc3ccc(Br)cc23)CC1,"InChI=1S/C13H15BrN4/c1-17-4-6-18(7-5-17)13-11-8-10(14)2-3-12(11)15-9-16-13/h2-3,8-9H,4-7H2,1H3",RGRNAQFSIRFIOV-UHFFFAOYSA-N,813,23063,DTXSID40352171,DSSTox_Substance_Id,DTXSID40352171,6-bromo-4-(4-methylpiperazin-1-yl)quinazoline
38,CCCOC1=CC=C(C=C1)C1=NNC(=O)CC1,CCCOc1ccc(C2=NNC(=O)CC2)cc1,"InChI=1S/C13H16N2O2/c1-2-9-17-11-5-3-10(4-6-11)12-7-8-13(16)15-14-12/h3-6H,2,7-9H2,1H3,(H,15,16)",JECPTYOLILQNAT-UHFFFAOYSA-N,815,23065,DTXSID80192634,DSSTox_Substance_Id,DTXSID80192634,"3(2H)-Pyridazinone, 4,5-dihydro-6-(4-propoxyphenyl)-"
39,NC1=CC=C(NC2=C(C=C(C=C2)[N+]([O-])=O)[N+]([O-])=O)C=C1,Nc1ccc(Nc2ccc([N+](=O)[O-])cc2[N+](=O)[O-])cc1,"InChI=1S/C12H10N4O4/c13-8-1-3-9(4-2-8)14-11-6-5-10(15(17)18)7-12(11)16(19)20/h1-7,14H,13H2",JMDHCJDATBJFJS-UHFFFAOYSA-N,816,23066,DTXSID2064288,DSSTox_Substance_Id,DTXSID2064288,"N-(2,4-Dinitrophenyl)benzene-1,4-diamine"
40,CCN1CSC(=S)N(CC2=CC=CC=C2)C1,CCN1CSC(=S)N(Cc2ccccc2)C1,"InChI=1S/C12H16N2S2/c1-2-13-9-14(12(15)16-10-13)8-11-6-4-3-5-7-11/h3-7H,2,8-10H2,1H3",DJCAGMWMFPMXHO-UHFFFAOYSA-N,817,23067,DTXSID10178082,DSSTox_Substance_Id,DTXSID10178082,"2H-1,3,5-Thiadiazine-2-thione, tetrahydro-5-ethyl-3-(phenylmethyl)-"
41,O=S(=O)(CCN1CCCCC1)CCS(=O)(=O)CCN1CCCCC1,O=S(=O)(CCN1CCCCC1)CCS(=O)(=O)CCN1CCCCC1,"InChI=1S/C16H32N2O4S2/c19-23(20,13-11-17-7-3-1-4-8-17)15-16-24(21,22)14-12-18-9-5-2-6-10-18/h1-16H2",RVRMYCMUVKWTKZ-UHFFFAOYSA-N,818,23068,DTXSID70279726,DSSTox_Substance_Id,DTXSID70279726,MLS002638342
42,C1CCC2=C(C1)C=CC=C2NC1=NCCCS1,c1cc2c(c(N=C3NCCCS3)c1)CCCC2,"InChI=1S/C14H18N2S/c1-2-7-12-11(5-1)6-3-8-13(12)16-14-15-9-4-10-17-14/h3,6,8H,1-2,4-5,7,9-10H2,(H,15,16)",UOMFLZNHLUVGJL-UHFFFAOYSA-N,819,23069,DTXSID50144862,DSSTox_Substance_Id,DTXSID50144862,"1-Naphthylamine, 5,6,7,8-tetrahydro-N-(5,6-dihydro-4H-1,3-thiazin-2-yl)-"
43,O=C(CNS(=O)(=O)CC1=CC=CC=C1)NNC1=CC=CC=C1,O=C(CNS(=O)(=O)Cc1ccccc1)NNc1ccccc1,"InChI=1S/C15H17N3O3S/c19-15(18-17-14-9-5-2-6-10-14)11-16-22(20,21)12-13-7-3-1-4-8-13/h1-10,16-17H,11-12H2,(H,18,19)",DXCUNBGVJKJJGW-UHFFFAOYSA-N,820,23070,DTXSID60322351,DSSTox_Substance_Id,DTXSID60322351,MLS003171492
44,O=C(CCSC1=NC(=C(O1)C1=CC=CC=C1)C1=CC=CC=C1)N1CCCCC1,O=C(CCSc1nc(-c2ccccc2)c(-c2ccccc2)o1)N1CCCCC1,"InChI=1S/C23H24N2O2S/c26-20(25-15-8-3-9-16-25)14-17-28-23-24-21(18-10-4-1-5-11-18)22(27-23)19-12-6-2-7-13-19/h1-2,4-7,10-13H,3,8-9,14-17H2",BFKQVJKQOWDGJK-UHFFFAOYSA-N,821,23071,DTXSID20314757,DSSTox_Substance_Id,DTXSID20314757,MLS003115588
45,OC1=C(Br)C=C(C=C1Br)C1(OC(=O)C2=CC=CC=C12)C1=CC=CC=C1,O=C1OC(c2ccccc2)(c2cc(Br)c(O)c(Br)c2)c2ccccc21,"InChI=1S/C20H12Br2O3/c21-16-10-13(11-17(22)18(16)23)20(12-6-2-1-3-7-12)15-9-5-4-8-14(15)19(24)25-20/h1-11,23H",VPEHKIYQFVOKIE-UHFFFAOYSA-N,822,23072,DTXSID00281256,DSSTox_Substance_Id,DTXSID00281256,MLS002638761
46,CN(CC1=CC(C)=CC(C)=C1O)CC1=C(O)C(Cl)=CC(Cl)=C1,Cc1cc(C)c(O)c(CN(C)Cc2cc(Cl)cc(Cl)c2O)c1,"InChI=1S/C17H19Cl2NO2/c1-10-4-11(2)16(21)12(5-10)8-20(3)9-13-6-14(18)7-15(19)17(13)22/h4-7,21-22H,8-9H2,1-3H3",ZYFVGABFAJUTDB-UHFFFAOYSA-N,823,23073,DTXSID00286822,DSSTox_Substance_Id,DTXSID00286822,MLS002667147
47,OC(=O)C1=CC=C(CSCC2=CC=CC=C2)O1,O=C(O)c1ccc(CSCc2ccccc2)o1,"InChI=1S/C13H12O3S/c14-13(15)12-7-6-11(16-12)9-17-8-10-4-2-1-3-5-10/h1-7H,8-9H2,(H,14,15)",CRBLYLGNCNZCEG-UHFFFAOYSA-N,824,23074,DTXSID50353417,DSSTox_Substance_Id,DTXSID50353417,5-Benzylsulfanylmethyl-furan-2-carboxylic acid
48,CCC1=NN=C(NC(=O)CN2CCOCC2)S1,CCc1n[nH]c(=NC(=O)CN2CCOCC2)s1,"InChI=1S/C10H16N4O2S/c1-2-9-12-13-10(17-9)11-8(15)7-14-3-5-16-6-4-14/h2-7H2,1H3,(H,11,13,15)",MJIVQZAYPYEAII-UHFFFAOYSA-N,25,27025,DTXSID80157485,DSSTox_Substance_Id,DTXSID80157485,"4-Morpholineacetamide, N-(5-ethyl-1,3,4-thiadiazol-2-yl)-"
49,OC(=O)C1CC(=O)OC11CCCC1,O=C1CC(C(=O)O)C2(CCCC2)O1,"InChI=1S/C9H12O4/c10-7-5-6(8(11)12)9(13-7)3-1-2-4-9/h6H,1-5H2,(H,11,12)",RHSJEQPXBBAWME-UHFFFAOYSA-N,26,27026,DTXSID80378173,DSSTox_Substance_Id,DTXSID80378173,2-Oxo-1-oxa-spiro[4.4]nonane-4-carboxylic acid
50,[Na+].[O-]C(=O)C=C,C=CC(=O)O,"InChI=1S/C3H4O2/c1-2-3(4)5/h2H,1H2,(H,4,5)",NIXOWILDQLNWCW-UHFFFAOYSA-N,27,27027,DTXSID4027652,DSSTox_Substance_Id,DTXSID4027652,Sodium 2-propenoate
51,Cl.[O-][N+](=O)C1=CC=C(O1)C=NN1CC(CN2CCOCC2)OC1=O,O=C1OC(CN2CCOCC2)CN1N=Cc1ccc([N+](=O)[O-])o1,"InChI=1S/C13H16N4O6/c18-13-16(14-7-10-1-2-12(22-10)17(19)20)9-11(23-13)8-15-3-5-21-6-4-15/h1-2,7,11H,3-6,8-9H2",YVQVOQKFMFRVGR-UHFFFAOYSA-N,28,27028,DTXSID5045380,DSSTox_Substance_Id,DTXSID5045380,Furaltadone hydrochloride
52,O=C1N(OC2=CC=CC=C12)C1=CC=CC=C1,O=c1c2ccccc2on1-c1ccccc1,InChI=1S/C13H9NO2/c15-13-11-8-4-5-9-12(11)16-14(13)10-6-2-1-3-7-10/h1-9H,YJQBDAUNMLGTOM-UHFFFAOYSA-N,29,27029,DTXSID90495709,DSSTox_Substance_Id,DTXSID90495709,"2-Phenyl-1,2-benzoxazol-3(2H)-one"
53,CCN1N=NN=C1NC(=O)C1=CC(OC)=CC=C1,CCn1[nH]nnc1=NC(=O)c1cccc(OC)c1,"InChI=1S/C11H13N5O2/c1-3-16-11(13-14-15-16)12-10(17)8-5-4-6-9(7-8)18-2/h4-7H,3H2,1-2H3,(H,12,13,15,17)",ACECEMRPKSUVBB-UHFFFAOYSA-N,30,27030,DTXSID90358946,DSSTox_Substance_Id,DTXSID90358946,N-(1-ethyltetrazol-5-yl)-3-methoxybenzamide
54,CCOC(=O)CCl,CCOC(=O)CCl,"InChI=1S/C4H7ClO2/c1-2-7-4(6)3-5/h2-3H2,1H3",VEUUMBGHMNQHGO-UHFFFAOYSA-N,31,27031,DTXSID4026715,DSSTox_Substance_Id,DTXSID4026715,Ethyl chloroacetate
55,CC(C)CCC(C)=O,CC(=O)CCC(C)C,"InChI=1S/C7H14O/c1-6(2)4-5-7(3)8/h6H,4-5H2,1-3H3",FFWSICBKRCICMR-UHFFFAOYSA-N,32,27032,DTXSID5021914,DSSTox_Substance_Id,DTXSID5021914,5-Methyl-2-hexanone
56,[Na+].CCCCCCCCCCOS([O-])(=O)=O,CCCCCCCCCCOS(=O)(=O)O,"InChI=1S/C10H22O4S/c1-2-3-4-5-6-7-8-9-10-14-15(11,12)13/h2-10H2,1H3,(H,11,12,13)",CSMFSDCPJHNZRY-UHFFFAOYSA-N,33,27033,DTXSID4036229,DSSTox_Substance_Id,DTXSID4036229,Sodium decyl sulfate
57,CC1=C(C2=CC=CC=C2)[N+](=O)C2=C(CCCC2)N1[O-],Cc1c(-c2ccccc2)[n+](=O)c2c(n1[O-])CCCC2,"InChI=1S/C15H16N2O2/c1-11-15(12-7-3-2-4-8-12)17(19)14-10-6-5-9-13(14)16(11)18/h2-4,7-8H,5-6,9-10H2,1H3",NAGXFYVOWQESIK-UHFFFAOYSA-N,34,27034,DTXSID60365389,DSSTox_Substance_Id,DTXSID60365389,"Quinoxaline, 5,6,7,8-tetrahydro-2-methyl-3-phenyl-, 1,4-dioxide"
58,CN(CCO)C(=O)C1CCN(CC1)C1=C(Cl)C=C(C=N1)C(F)(F)F,CN(CCO)C(=O)C1CCN(c2ncc(C(F)(F)F)cc2Cl)CC1,"InChI=1S/C15H19ClF3N3O2/c1-21(6-7-23)14(24)10-2-4-22(5-3-10)13-12(16)8-11(9-20-13)15(17,18)19/h8-10,23H,2-7H2,1H3",AUFCNIZMJPYWDN-UHFFFAOYSA-N,35,27035,DTXSID10378762,DSSTox_Substance_Id,DTXSID10378762,1-[3-chloro-5-(trifluoromethyl)-2-pyridinyl]-N-(2-hydroxyethyl)-N-methyl-4-piperidinecarboxamide
59,OCC(O)C(O)C(O)CO,OCC(O)C(O)C(O)CO,"InChI=1S/C5H12O5/c6-1-3(8)5(10)4(9)2-7/h3-10H,1-2H2",HEBKCHPVOIAQTA-UHFFFAOYSA-N,36,27036,DTXSID7042514,DSSTox_Substance_Id,DTXSID7042514,Xylitol
60,S=C1SSC=C1C1=CC=CC=C1,S=c1sscc1-c1ccccc1,InChI=1S/C9H6S3/c10-9-8(6-11-12-9)7-4-2-1-3-5-7/h1-6H,UKPKVVDYQDZSTL-UHFFFAOYSA-N,38,27038,DTXSID9041526,DSSTox_Substance_Id,DTXSID9041526,"4-Phenyl-3H-1,2-dithiole-3-thione"
61,CC(C)CC1=CC=C(C=C1)C(C)C(=O)N1CCOCC1,CC(C)Cc1ccc(C(C)C(=O)N2CCOCC2)cc1,"InChI=1S/C17H25NO2/c1-13(2)12-15-4-6-16(7-5-15)14(3)17(19)18-8-10-20-11-9-18/h4-7,13-14H,8-12H2,1-3H3",UCVMDVRIIAHPGK-UHFFFAOYSA-N,39,27039,DTXSID30385998,DSSTox_Substance_Id,DTXSID30385998,ST088007
62,FC1=CC=C(NC2=NC3=CC=CC=C3S2)C=C1,Fc1ccc(N=c2[nH]c3ccccc3s2)cc1,"InChI=1S/C13H9FN2S/c14-9-5-7-10(8-6-9)15-13-16-11-3-1-2-4-12(11)17-13/h1-8H,(H,15,16)",KQKQLYWDIYNFJP-UHFFFAOYSA-N,40,27040,DTXSID10368249,DSSTox_Substance_Id,DTXSID10368249,"N-(4-Fluorophenyl)-1,3-benzothiazol-2-amine"
63,OC1=CC=CC=C1C1NC(=O)C2=CC=CC=C2N1,O=C1NC(c2ccccc2O)Nc2ccccc21,"InChI=1S/C14H12N2O2/c17-12-8-4-2-6-10(12)13-15-11-7-3-1-5-9(11)14(18)16-13/h1-8,13,15,17H,(H,16,18)",BXIPTFOWLQHBIH-UHFFFAOYSA-N,41,27041,DTXSID50389453,DSSTox_Substance_Id,DTXSID50389453,"2-(2-hydroxyphenyl)-2,3-dihydro-1H-quinazolin-4-one"
64,CC1CC(CC2CCC(N)C(C)C2)CCC1N,CC1CC(CC2CCC(N)C(C)C2)CCC1N,"InChI=1S/C15H30N2/c1-10-7-12(3-5-14(10)16)9-13-4-6-15(17)11(2)8-13/h10-15H,3-9,16-17H2,1-2H3",IGSBHTZEJMPDSZ-UHFFFAOYSA-N,42,27042,DTXSID6029670,DSSTox_Substance_Id,DTXSID6029670,Bis(4-amino-3-methylcyclohexyl)methane
65,CCNC(=O)NC(=O)C(=NOC)C#N,CC=NC(=O)NC(=O)C(C#N)NOC,"InChI=1S/C7H10N4O3/c1-3-9-7(13)10-6(12)5(4-8)11-14-2/h3,5,11H,1-2H3,(H,10,12,13)",BWANKYVXZCWXJW-UHFFFAOYSA-N,43,27043,DTXSID6032358,DSSTox_Substance_Id,DTXSID6032358,Cymoxanil
66,COC1=C(OC)C=C2C=C(N=CC2=C1)C1=CC=CC=C1,COc1cc2cnc(-c3ccccc3)cc2cc1OC,"InChI=1S/C17H15NO2/c1-19-16-9-13-8-15(12-6-4-3-5-7-12)18-11-14(13)10-17(16)20-2/h3-11H,1-2H3",HWDYURZFTCCAGV-UHFFFAOYSA-N,44,27044,DTXSID10316568,DSSTox_Substance_Id,DTXSID10316568,"6,7-dimethoxy-3-phenylisoquinoline"
67,[H]C12CCC([H])(C1)C(C2C(N)=O)C(N)=O,NC(=O)C1C2CCC(C2)C1C(N)=O,"InChI=1S/C9H14N2O2/c10-8(12)6-4-1-2-5(3-4)7(6)9(11)13/h4-7H,1-3H2,(H2,10,12)(H2,11,13)",CRISHQZINOBKII-UHFFFAOYSA-N,45,27045,DTXSID80286542,DSSTox_Substance_Id,DTXSID80286542,"bicyclo[2.2.1]heptane-2,3-dicarboxamide"
68,Cl.OC1=CC=C(C=C1O)[C@H]1CNCC2=C1C=CC(O)=C2O,Oc1ccc(C2CNCc3c2ccc(O)c3O)cc1O,"InChI=1S/C15H15NO4/c17-12-3-1-8(5-14(12)19)10-6-16-7-11-9(10)2-4-13(18)15(11)20/h1-5,10,16-20H,6-7H2",FULLEMQICAKPOE-UHFFFAOYSA-N,46,27046,DTXSID2048820,DSSTox_Substance_Id,DTXSID2048820,Zelandopam
69,CCCCN1C=NC2=C1N=C(N)N=C2SCC1=CC(F)=CC=C1,CCCCn1cnc2c(SCc3cccc(F)c3)[nH]c(=N)nc21,"InChI=1S/C16H18FN5S/c1-2-3-7-22-10-19-13-14(22)20-16(18)21-15(13)23-9-11-5-4-6-12(17)8-11/h4-6,8,10H,2-3,7,9H2,1H3,(H2,18,20,21)",MVLJYUYNEUBQSR-UHFFFAOYSA-N,47,27047,DTXSID50287243,DSSTox_Substance_Id,DTXSID50287243,MLS002667310
70,CC1=C(C(N)=S)C(=NO1)C1=C(F)C=CC=C1Cl,Cc1onc(-c2c(F)cccc2Cl)c1C(N)=S,"InChI=1S/C11H8ClFN2OS/c1-5-8(11(14)17)10(15-16-5)9-6(12)3-2-4-7(9)13/h2-4H,1H3,(H2,14,17)",BLDCXVWPXBITNH-UHFFFAOYSA-N,48,27048,DTXSID90381719,DSSTox_Substance_Id,DTXSID90381719,"3-(2-Chloro-6-fluorophenyl)-5-methyl-1,2-oxazole-4-carbothioamide"
71,C=CCN1C(=S)NN=C1C1CC1,C=CCn1c(C2CC2)n[nH]c1=S,"InChI=1S/C8H11N3S/c1-2-5-11-7(6-3-4-6)9-10-8(11)12/h2,6H,1,3-5H2,(H,10,12)",RNUJNNAYOBDOLY-UHFFFAOYSA-N,49,27049,DTXSID60366058,DSSTox_Substance_Id,DTXSID60366058,"4-allyl-5-cyclopropyl-4H-1,2,4-triazole-3-thiol"
72,CCN1C=C(NC(=O)CCl)C(C)=N1,CCn1cc(NC(=O)CCl)c(C)n1,"InChI=1S/C8H12ClN3O/c1-3-12-5-7(6(2)11-12)10-8(13)4-9/h5H,3-4H2,1-2H3,(H,10,13)",IFCPJCYZNMTQGO-UHFFFAOYSA-N,1350,15100,DTXSID60424506,DSSTox_Substance_Id,DTXSID60424506,2-chloro-N-(1-ethyl-3-methyl-1H-pyrazol-4-yl)acetamide
73,OC1=CC=C(C=C1)N1CCN(CC1)C1=CC=C(NC(=O)OC2=CC=CC=C2)C=C1,O=C(Nc1ccc(N2CCN(c3ccc(O)cc3)CC2)cc1)Oc1ccccc1,"InChI=1S/C23H23N3O3/c27-21-12-10-20(11-13-21)26-16-14-25(15-17-26)19-8-6-18(7-9-19)24-23(28)29-22-4-2-1-3-5-22/h1-13,27H,14-17H2,(H,24,28)",IKRKMYDCUZYKHX-UHFFFAOYSA-N,1351,15101,DTXSID10361710,DSSTox_Substance_Id,DTXSID10361710,Phenyl (4-(4-(4-hydroxyphenyl)piperazin-1-yl)phenyl)carbamate
74,NC1=CC(=NO1)C1=CC=CO1,N=c1cc(-c2ccco2)[nH]o1,"InChI=1S/C7H6N2O2/c8-7-4-5(9-11-7)6-2-1-3-10-6/h1-4,8-9H",OESRSERYUBQJDR-UHFFFAOYSA-N,1352,15102,DTXSID60368870,DSSTox_Substance_Id,DTXSID60368870,"3-(Furan-2-yl)-1,2-oxazol-5-amine"
75,COC1=CC=CC=C1NC(=O)CCCC(=O)OCC(F)(F)C(F)F,COc1ccccc1NC(=O)CCCC(=O)OCC(F)(F)C(F)F,"InChI=1S/C15H17F4NO4/c1-23-11-6-3-2-5-10(11)20-12(21)7-4-8-13(22)24-9-15(18,19)14(16)17/h2-3,5-6,14H,4,7-9H2,1H3,(H,20,21)",HDXMEEWNFIOXIT-UHFFFAOYSA-N,1353,15103,DTXSID40366773,DSSTox_Substance_Id,DTXSID40366773,"2,2,3,3-Tetrafluoropropyl 5-[(2-methoxyphenyl)amino]-5-oxopentanoate"
76,CC(=O)OC1=C(C=CC(=C1)C(F)(F)F)C(O)=O,CC(=O)Oc1cc(C(F)(F)F)ccc1C(=O)O,"InChI=1S/C10H7F3O4/c1-5(14)17-8-4-6(10(11,12)13)2-3-7(8)9(15)16/h2-4H,1H3,(H,15,16)",RMWVZGDJPAKBDE-UHFFFAOYSA-N,1354,15104,DTXSID8045305,DSSTox_Substance_Id,DTXSID8045305,Triflusal
77,Cl.CCN(CCO)CC1=CSC2=CC=CC=C12,CCN(CCO)Cc1csc2ccccc12,"InChI=1S/C13H17NOS/c1-2-14(7-8-15)9-11-10-16-13-6-4-3-5-12(11)13/h3-6,10,15H,2,7-9H2,1H3",XCEGZHHEEMCUNM-UHFFFAOYSA-N,1355,15105,DTXSID00224461,DSSTox_Substance_Id,DTXSID00224461,"Ethanol, 2-(N-((benzo(b)thien-3-yl)methyl)-N-ethylamino)-, hydrochloride"
78,COC(=O)C1=NN(C(=O)C=C1O)C1=CC=C(OC)C=C1,COC(=O)c1nn(-c2ccc(OC)cc2)c(=O)cc1O,"InChI=1S/C13H12N2O5/c1-19-9-5-3-8(4-6-9)15-11(17)7-10(16)12(14-15)13(18)20-2/h3-7,16H,1-2H3",IDXWGPJZRWLHPP-UHFFFAOYSA-N,1357,15107,DTXSID40715883,DSSTox_Substance_Id,DTXSID40715883,"Methyl 4-hydroxy-1-(4-methoxyphenyl)-6-oxo-1,6-dihydropyridazine-3-carboxylate"
79,COC1=CC=C(CC=C)C=C1OC,C=CCc1ccc(OC)c(OC)c1,"InChI=1S/C11H14O2/c1-4-5-9-6-7-10(12-2)11(8-9)13-3/h4,6-8H,1,5H2,2-3H3",ZYEMGPIYFIJGTP-UHFFFAOYSA-N,1358,15108,DTXSID5025607,DSSTox_Substance_Id,DTXSID5025607,"1,2-Dimethoxy-4-(2-propen-1-yl)benzene"
80,COC1=CC=C(C=C1)N1C=CC=C1C=O,COc1ccc(-n2cccc2C=O)cc1,"InChI=1S/C12H11NO2/c1-15-12-6-4-10(5-7-12)13-8-2-3-11(13)9-14/h2-9H,1H3",VBOUNTHJXKGWSS-UHFFFAOYSA-N,1359,15109,DTXSID70358242,DSSTox_Substance_Id,DTXSID70358242,1-(4-methoxyphenyl)-1H-pyrrole-2-carbaldehyde
81,NC(=S)NCC=C,C=CCNC(N)=S,"InChI=1S/C4H8N2S/c1-2-3-6-4(5)7/h2H,1,3H2,(H3,5,6,7)",HTKFORQRBXIQHD-UHFFFAOYSA-N,1360,15110,DTXSID3024449,DSSTox_Substance_Id,DTXSID3024449,Allylthiourea
82,CCOC(=O)C1=CN=C(SC)N=C1SC1=CC=CC=C1,CCOC(=O)c1cnc(SC)nc1Sc1ccccc1,"InChI=1S/C14H14N2O2S2/c1-3-18-13(17)11-9-15-14(19-2)16-12(11)20-10-7-5-4-6-8-10/h4-9H,3H2,1-2H3",SEBXWBXFUJLMHT-UHFFFAOYSA-N,1361,15111,DTXSID70304289,DSSTox_Substance_Id,DTXSID70304289,7N-516S
83,CC1=NN2C(=S)NNC2=NC1=O,Cc1nn2c(=S)[nH][nH]c2nc1=O,"InChI=1S/C5H5N5OS/c1-2-3(11)6-4-7-8-5(12)10(4)9-2/h1H3,(H,8,12)(H,6,7,11)",LVHGDSJZQCLVQX-UHFFFAOYSA-N,1362,15112,DTXSID60361321,DSSTox_Substance_Id,DTXSID60361321,"6-Methyl-3-sulfanylidene-2,3-dihydro[1,2,4]triazolo[4,3-b][1,2,4]triazin-7(1H)-one"
84,CCSC1=NNC(=N)S1,CCSc1n[nH]c(=N)s1,"InChI=1S/C4H7N3S2/c1-2-8-4-7-6-3(5)9-4/h2H2,1H3,(H2,5,6)",VWRHSNKTSSIMGE-UHFFFAOYSA-N,1363,15113,DTXSID6067121,DSSTox_Substance_Id,DTXSID6067121,"1,3,4-Thiadiazol-2-amine, 5-(ethylthio)-"
85,O=CC1=CN=C(S1)N1CCN(CC2=CC=CC=C2)CC1,O=Cc1cnc(N2CCN(Cc3ccccc3)CC2)s1,"InChI=1S/C15H17N3OS/c19-12-14-10-16-15(20-14)18-8-6-17(7-9-18)11-13-4-2-1-3-5-13/h1-5,10,12H,6-9,11H2",ICEJWPVGLIEGTK-UHFFFAOYSA-N,1364,15114,DTXSID90363055,DSSTox_Substance_Id,DTXSID90363055,"2-(4-benzylpiperazino)-1,3-thiazole-5-carbaldehyde"
86,OC1=CC2=C(C=C1)C(=O)C(=CO2)C1=CN(N=C1)C1=CC=CC=C1,O=c1c(-c2cnn(-c3ccccc3)c2)coc2cc(O)ccc12,"InChI=1S/C18H12N2O3/c21-14-6-7-15-17(8-14)23-11-16(18(15)22)12-9-19-20(10-12)13-4-2-1-3-5-13/h1-11,21H",SNBGJFLBMNUDEU-UHFFFAOYSA-N,1365,15115,DTXSID80419914,DSSTox_Substance_Id,DTXSID80419914,7-Hydroxy-3-(1-phenyl-1H-pyrazol-4-yl)-chromen-4-one
87,COC1=C(OC)C2=C(C=C1)C(=O)CC2,COc1ccc2c(c1OC)CCC2=O,"InChI=1S/C11H12O3/c1-13-10-6-4-7-8(11(10)14-2)3-5-9(7)12/h4,6H,3,5H2,1-2H3",XQODIRIVQXQUFN-UHFFFAOYSA-N,1366,15116,DTXSID00286605,DSSTox_Substance_Id,DTXSID00286605,"4,5-dimethoxy-1-indanone"
88,CSC1=CC=C(C=C1)C(=O)C(C)(C)N1CCOCC1,CSc1ccc(C(=O)C(C)(C)N2CCOCC2)cc1,"InChI=1S/C15H21NO2S/c1-15(2,16-8-10-18-11-9-16)14(17)12-4-6-13(19-3)7-5-12/h4-7H,8-11H2,1-3H3",LWRBVKNFOYUCNP-UHFFFAOYSA-N,1367,15117,DTXSID8038857,DSSTox_Substance_Id,DTXSID8038857,2-Methyl-4'-(methylthio)-2-morpholinopropiophenone
89,FC1=CC=CC(F)=C1C(=O)N(CC1=CC=CS1)C1CCCC1,O=C(c1c(F)cccc1F)N(Cc1cccs1)C1CCCC1,"InChI=1S/C17H17F2NOS/c18-14-8-3-9-15(19)16(14)17(21)20(12-5-1-2-6-12)11-13-7-4-10-22-13/h3-4,7-10,12H,1-2,5-6,11H2",IVEZSYFGXQCLCJ-UHFFFAOYSA-N,1368,15118,DTXSID70390485,DSSTox_Substance_Id,DTXSID70390485,"N-Cyclopentyl-2,6-difluoro-N-[(thiophen-2-yl)methyl]benzamide"
90,CCCOC(=O)C1=CC2=CC=CC=C2OC1=O,CCCOC(=O)c1cc2ccccc2oc1=O,"InChI=1S/C13H12O4/c1-2-7-16-12(14)10-8-9-5-3-4-6-11(9)17-13(10)15/h3-6,8H,2,7H2,1H3",WEIHNHDMVCFGRA-UHFFFAOYSA-N,1369,15119,DTXSID60192637,DSSTox_Substance_Id,DTXSID60192637,"2H-1-Benzopyran-3-carboxylic acid, 2-oxo-, propyl ester"
91,O=C(NCC1=CC=CC=C1)C1=C(N=CN1)C(=O)NCC1=CC=CC=C1,O=C(NCc1ccccc1)c1nc[nH]c1C(=O)NCc1ccccc1,"InChI=1S/C19H18N4O2/c24-18(20-11-14-7-3-1-4-8-14)16-17(23-13-22-16)19(25)21-12-15-9-5-2-6-10-15/h1-10,13H,11-12H2,(H,20,24)(H,21,25)(H,22,23)",PDEHDLLHIJNESD-UHFFFAOYSA-N,1370,15120,DTXSID90341252,DSSTox_Substance_Id,DTXSID90341252,"1H-Imidazole-4,5-dicarboxamide, N,N'-bis(phenylmethyl)-"
92,C(CN1CCCCC1)N1C(\N=C\C2=CC3=C(OCO3)C=C2)=NC2=CC=CC=C12,C(=Nc1nc2ccccc2n1CCN1CCCCC1)c1ccc2c(c1)OCO2,"InChI=1S/C22H24N4O2/c1-4-10-25(11-5-1)12-13-26-19-7-3-2-6-18(19)24-22(26)23-15-17-8-9-20-21(14-17)28-16-27-20/h2-3,6-9,14-15H,1,4-5,10-13,16H2",BFGSCICBZOPICD-UHFFFAOYSA-N,1371,15121,DTXSID20430345,DSSTox_Substance_Id,DTXSID20430345,SMR000034141
93,CCC1=CC=C(NC(=O)CSC2=CC=CC=N2)C=C1,CCc1ccc(NC(=O)CSc2ccccn2)cc1,"InChI=1S/C15H16N2OS/c1-2-12-6-8-13(9-7-12)17-14(18)11-19-15-5-3-4-10-16-15/h3-10H,2,11H2,1H3,(H,17,18)",VEWUPGXLONMZIO-UHFFFAOYSA-N,1372,15122,DTXSID10350604,DSSTox_Substance_Id,DTXSID10350604,ST4014630
94,NC1=NC(C2=CC=CO2)=C(S1)C1=CC=CO1,N=c1[nH]c(-c2ccco2)c(-c2ccco2)s1,"InChI=1S/C11H8N2O2S/c12-11-13-9(7-3-1-5-14-7)10(16-11)8-4-2-6-15-8/h1-6H,(H2,12,13)",QEWXZBHBTDAGQC-UHFFFAOYSA-N,1373,15123,DTXSID90368621,DSSTox_Substance_Id,DTXSID90368621,"4,5-Di-furan-2-yl-thiazol-2-ylamine"
95,COC1=NN=C(OC)C2=CC=CC=C12,COc1nnc(OC)c2ccccc12,"InChI=1S/C10H10N2O2/c1-13-9-7-5-3-4-6-8(7)10(14-2)12-11-9/h3-6H,1-2H3",XHZOHQFFKAOCSU-UHFFFAOYSA-N,1374,15124,DTXSID40345528,DSSTox_Substance_Id,DTXSID40345528,"1,4-Dimethoxyphthalazine"
96,CC1=NN(C(=O)C1C(=S)SC1CC(=O)NC1=O)C1=CC=CC=C1,Cc1[nH]n(-c2ccccc2)c(=O)c1C(=S)Sc1cc(O)[nH]c1O,"InChI=1S/C15H13N3O3S2/c1-8-12(15(22)23-10-7-11(19)16-13(10)20)14(21)18(17-8)9-5-3-2-4-6-9/h2-7,16-17,19-20H,1H3",LHWVAJHGYIOUMP-UHFFFAOYSA-N,1675,27425,DTXSID00316416,DSSTox_Substance_Id,DTXSID00316416,MLS003115780
97,O.CC(O)(P(O)(O)=O)P(O)(O)=O,CC(O)([PH](=O)(=O)O)[PH](=O)(=O)O,"InChI=1S/C2H6O7P2/c1-2(3,10(4,5)6)11(7,8)9/h3H,1H3,(H,4,5,6)(H,7,8,9)",STSVWMYPAMHMEK-UHFFFAOYSA-N,1676,27426,DTXSID8040800,DSSTox_Substance_Id,DTXSID8040800,Etidronic acid monohydrate
98,ClC(Cl)C(=O)N1CCOC11CCCCC1,O=C(C(Cl)Cl)N1CCOC12CCCCC2,"InChI=1S/C10H15Cl2NO2/c11-8(12)9(14)13-6-7-15-10(13)4-2-1-3-5-10/h8H,1-7H2",QWWHRELOCZEQNZ-UHFFFAOYSA-N,1677,27427,DTXSID0044575,DSSTox_Substance_Id,DTXSID0044575,MON-4660
99,N#CC(C#N)=C(C#N)C#N,N#CC(C#N)=C(C#N)C#N,InChI=1S/C6N4/c7-1-5(2-8)6(3-9)4-10,NLDYACGHTUPAQU-UHFFFAOYSA-N,1678,27428,DTXSID7049425,DSSTox_Substance_Id,DTXSID7049425,Tetracyanoethylene
100,BrC1=CC=C(C=C1)C(=O)NNC(=O)C1=CC=CC2=CC=CC=C12,O=C(NNC(=O)c1cccc2ccccc12)c1ccc(Br)cc1,"InChI=1S/C18H13BrN2O2/c19-14-10-8-13(9-11-14)17(22)20-21-18(23)16-7-3-5-12-4-1-2-6-15(12)16/h1-11H,(H,20,22)(H,21,23)",PXVSILKUOOKWFV-UHFFFAOYSA-N,1679,27429,DTXSID10233241,DSSTox_Substance_Id,DTXSID10233241,2'-(4-Bromobenzoyl)-1-naphthohydrazide
101,Cl.C[C@H](CN1CCCC1)C(=O)C1=CC=C(C=C1)C(F)(F)F,CC(CN1CCCC1)C(=O)c1ccc(C(F)(F)F)cc1,"InChI=1S/C15H18F3NO/c1-11(10-19-8-2-3-9-19)14(20)12-4-6-13(7-5-12)15(16,17)18/h4-7,11H,2-3,8-10H2,1H3",RYZCWZZJFAKYHX-UHFFFAOYSA-N,1680,27430,DTXSID4048856,DSSTox_Substance_Id,DTXSID4048856,Lanperisone hydrochloride
102,ClC12C3(Cl)C4(Cl)C5(Cl)C(Cl)(C1(Cl)C4(Cl)Cl)C2(Cl)C(Cl)(Cl)C35Cl,ClC1(Cl)C2(Cl)C3(Cl)C4(Cl)C(Cl)(Cl)C5(Cl)C3(Cl)C1(Cl)C5(Cl)C24Cl,"InChI=1S/C10Cl12/c11-1-2(12)7(17)4(14)3(13,5(1,15)9(7,19)20)6(1,16)10(21,22)8(2,4)18",GVYLCNUFSHDAAW-UHFFFAOYSA-N,1681,27431,DTXSID7020895,DSSTox_Substance_Id,DTXSID7020895,Mirex
103,[O-]S(=O)(=O)C(F)(F)F.CCCCN1C=C[N+](C)=C1C,CCCCn1cc[n+](C)c1C,"InChI=1S/C9H17N2/c1-4-5-6-11-8-7-10(3)9(11)2/h7-8H,4-6H2,1-3H3/q+1",XUAXVBUVQVRIIQ-UHFFFAOYSA-N,1682,27432,DTXSID1049356,DSSTox_Substance_Id,DTXSID1049356,"1-Butyl-2,3-dimethylimidazolium trifluoromethanesulfonate"
104,[O-][N+](=O)C1=C(NC2=CC=CC=C2)C=C(Br)C=N1,O=[N+]([O-])c1ncc(Br)cc1Nc1ccccc1,"InChI=1S/C11H8BrN3O2/c12-8-6-10(11(13-7-8)15(16)17)14-9-4-2-1-3-5-9/h1-7,14H",ZRHTXLITAPBRDP-UHFFFAOYSA-N,1683,27433,DTXSID60385704,DSSTox_Substance_Id,DTXSID60385704,5-bromo-2-nitro-N-phenylpyridin-3-amine
105,FC1=CC=CC=C1NC(=O)COC1=C(Cl)C=C(Cl)C=C1,O=C(COc1ccc(Cl)cc1Cl)Nc1ccccc1F,"InChI=1S/C14H10Cl2FNO2/c15-9-5-6-13(10(16)7-9)20-8-14(19)18-12-4-2-1-3-11(12)17/h1-7H,8H2,(H,18,19)",PRGNNBNQQRLORJ-UHFFFAOYSA-N,1684,27434,DTXSID60304192,DSSTox_Substance_Id,DTXSID60304192,"2-(2,4-dichlorophenoxy)-N-(2-fluorophenyl)acetamide"
106,CCN(CCC#N)C1=CC=CC=C1,CCN(CCC#N)c1ccccc1,"InChI=1S/C11H14N2/c1-2-13(10-6-9-12)11-7-4-3-5-8-11/h3-5,7-8H,2,6,10H2,1H3",WYRNRZQRKCXPLA-UHFFFAOYSA-N,1685,27435,DTXSID4044587,DSSTox_Substance_Id,DTXSID4044587,3-[Ethyl(phenyl)amino]propanenitrile
107,CN1N=C(N=C1C1=CC=CC=C1)C1=CC=CC=C1,Cn1nc(-c2ccccc2)nc1-c1ccccc1,"InChI=1S/C15H13N3/c1-18-15(13-10-6-3-7-11-13)16-14(17-18)12-8-4-2-5-9-12/h2-11H,1H3",TWAVESNVRDYFLI-UHFFFAOYSA-N,1686,27436,DTXSID70404556,DSSTox_Substance_Id,DTXSID70404556,"1H-1,2,4-Triazole, 1-methyl-3,5-diphenyl-"
108,NC1=CC2=C(C=C1)C1=C(C=CC(Cl)=C1)C2=O,Nc1ccc2c(c1)C(=O)c1ccc(Cl)cc1-2,"InChI=1S/C13H8ClNO/c14-7-1-3-10-11(5-7)9-4-2-8(15)6-12(9)13(10)16/h1-6H,15H2",DHKIOPIDSCWCJA-UHFFFAOYSA-N,1687,27437,DTXSID30291085,DSSTox_Substance_Id,DTXSID30291085,MLS002693822
109,CC1=CC(=CC=C1)C#N,Cc1cccc(C#N)c1,"InChI=1S/C8H7N/c1-7-3-2-4-8(5-7)6-9/h2-5H,1H3",BOHCMQZJWOGWTA-UHFFFAOYSA-N,1688,27438,DTXSID6026167,DSSTox_Substance_Id,DTXSID6026167,3-Methylbenzonitrile
110,CC1=NC2=CC=CC=C2C(=O)N1C1=CC=CC=N1,Cc1nc2ccccc2c(=O)n1-c1ccccn1,"InChI=1S/C14H11N3O/c1-10-16-12-7-3-2-6-11(12)14(18)17(10)13-8-4-5-9-15-13/h2-9H,1H3",MFJAQXJDYDHLQK-UHFFFAOYSA-N,1689,27439,DTXSID00237475,DSSTox_Substance_Id,DTXSID00237475,"4(3H)-Quinazolinone, 2-methyl-3-(2-pyridyl)-"
111,CN1C2=C(NC(CC3=CC=CC4=CC=CC=C34)=N2)C(=O)N(C)C1=O,Cn1c(=O)c2[nH]c(Cc3cccc4ccccc34)nc2n(C)c1=O,"InChI=1S/C18H16N4O2/c1-21-16-15(17(23)22(2)18(21)24)19-14(20-16)10-12-8-5-7-11-6-3-4-9-13(11)12/h3-9H,10H2,1-2H3,(H,19,20)",BIVVLUDWJXHPPJ-UHFFFAOYSA-N,1690,27440,DTXSID20279796,DSSTox_Substance_Id,DTXSID20279796,MLS002638357
112,ClC1=CC=C(CC2=CC=CC=N2)C=C1,Clc1ccc(Cc2ccccn2)cc1,"InChI=1S/C12H10ClN/c13-11-6-4-10(5-7-11)9-12-3-1-2-8-14-12/h1-8H,9H2",XSVWMIMFDMJQRL-UHFFFAOYSA-N,1692,27442,DTXSID00195864,DSSTox_Substance_Id,DTXSID00195864,2-(4'-Chlorobenzyl)pyridine
113,FC(F)(F)C1=CC(NC(=O)C2=CC=CO2)=CC=C1,O=C(Nc1cccc(C(F)(F)F)c1)c1ccco1,"InChI=1S/C12H8F3NO2/c13-12(14,15)8-3-1-4-9(7-8)16-11(17)10-5-2-6-18-10/h1-7H,(H,16,17)",QARNMUZWJBKPSJ-UHFFFAOYSA-N,1693,27443,DTXSID10308423,DSSTox_Substance_Id,DTXSID10308423,ST50181436
114,BrC1=CC=C(NC(=O)CN2CCOCC2)C=C1,O=C(CN1CCOCC1)Nc1ccc(Br)cc1,"InChI=1S/C12H15BrN2O2/c13-10-1-3-11(4-2-10)14-12(16)9-15-5-7-17-8-6-15/h1-4H,5-9H2,(H,14,16)",YXQVFLASUBJXTN-UHFFFAOYSA-N,1694,27444,DTXSID30350747,DSSTox_Substance_Id,DTXSID30350747,N-(4-bromophenyl)-2-morpholinoacetamide
115,COC1=CC(\C=C\C)=CC=C1O,CC=Cc1ccc(O)c(OC)c1,"InChI=1S/C10H12O2/c1-3-4-8-5-6-9(11)10(7-8)12-2/h3-7,11H,1-2H3",BJIOGJUNALELMI-UHFFFAOYSA-N,1695,27445,DTXSID50872350,DSSTox_Substance_Id,DTXSID50872350,(E)-Isoeugenol
116,[Na+].[Na+].[O-]C(=O)C1=C(C=CC=C1)C(C1=CC(I)=C([O-])C(I)=C1)=C1C=C(I)C(=O)C(I)=C1,O=C1C(I)=CC(=C(c2cc(I)c(O)c(I)c2)c2ccccc2C(=O)O)C=C1I,"InChI=1S/C20H10I4O4/c21-13-5-9(6-14(22)18(13)25)17(10-7-15(23)19(26)16(24)8-10)11-3-1-2-4-12(11)20(27)28/h1-8,25H,(H,27,28)",KVFPRLVRGPLMDH-UHFFFAOYSA-N,1696,27446,DTXSID1046768,DSSTox_Substance_Id,DTXSID1046768,Iodophthalein sodium
117,CCCCCCCCCCCC(=O)N(C)CC(O)=O,CCCCCCCCCCCC(=O)N(C)CC(=O)O,"InChI=1S/C15H29NO3/c1-3-4-5-6-7-8-9-10-11-12-14(17)16(2)13-15(18)19/h3-13H2,1-2H3,(H,18,19)",BACYUWVYYTXETD-UHFFFAOYSA-N,1697,27447,DTXSID7042011,DSSTox_Substance_Id,DTXSID7042011,N-Dodecanoyl-N-methylglycine
118,CC[N+]([O-])=O,CC[N+](=O)[O-],"InChI=1S/C2H5NO2/c1-2-3(4)5/h2H2,1H3",MCSAJNNLRCFZED-UHFFFAOYSA-N,1698,27448,DTXSID8020969,DSSTox_Substance_Id,DTXSID8020969,Nitroethane
119,CC1=CC(CNC2=NC=NC3=C2C=NN3)=CC=C1,Cc1cccc(CN=c2[nH]cnc3[nH]ncc23)c1,"InChI=1S/C13H13N5/c1-9-3-2-4-10(5-9)6-14-12-11-7-17-18-13(11)16-8-15-12/h2-5,7-8H,6H2,1H3,(H2,14,15,16,17,18)",UTHHQUPEUGZVEP-UHFFFAOYSA-N,1699,27449,DTXSID10286590,DSSTox_Substance_Id,DTXSID10286590,NSC46613
120,CCOC(=O)C1=C(C)C(OC(=O)CC)=C(N1)C(O)=O,CCOC(=O)c1[nH]c(C(=O)O)c(OC(=O)CC)c1C,"InChI=1S/C12H15NO6/c1-4-7(14)19-10-6(3)8(12(17)18-5-2)13-9(10)11(15)16/h13H,4-5H2,1-3H3,(H,15,16)",UCJSVHSKJDXVGN-UHFFFAOYSA-N,1050,29550,DTXSID10279624,DSSTox_Substance_Id,DTXSID10279624,MLS000737420
121,COC1=CC=CC(NC(=O)CC(C)=O)=C1,COc1cccc(NC(=O)CC(C)=O)c1,"InChI=1S/C11H13NO3/c1-8(13)6-11(14)12-9-4-3-5-10(7-9)15-2/h3-5,7H,6H2,1-2H3,(H,12,14)",CYZJVFQRXSTWHE-UHFFFAOYSA-N,1051,29551,DTXSID90358168,DSSTox_Substance_Id,DTXSID90358168,N-(3-methoxyphenyl)-3-oxobutanamide
122,O=S(=O)(CCC1=NC2=CC=CC=C2O1)C1=CC2=CC=CC=C2C=C1,O=S(=O)(CCc1nc2ccccc2o1)c1ccc2ccccc2c1,"InChI=1S/C19H15NO3S/c21-24(22,16-10-9-14-5-1-2-6-15(14)13-16)12-11-19-20-17-7-3-4-8-18(17)23-19/h1-10,13H,11-12H2",RCBREHKTEXSSAO-UHFFFAOYSA-N,1053,29553,DTXSID00354434,DSSTox_Substance_Id,DTXSID00354434,2-[2-(Naphthalene-2-sulfonyl)-ethyl]-benzooxazole
123,CCN(CC)S(=O)(=O)C1=CC=C(N)C=C1,CCN(CC)S(=O)(=O)c1ccc(N)cc1,"InChI=1S/C10H16N2O2S/c1-3-12(4-2)15(13,14)10-7-5-9(11)6-8-10/h5-8H,3-4,11H2,1-2H3",LTFVELCIFWEGGA-UHFFFAOYSA-N,1054,29554,DTXSID70168964,DSSTox_Substance_Id,DTXSID70168964,"Benzenesulfonamide, 4-amino-N,N-diethyl-"
124,CC(C)(CC1=CC(CC(C)(C)C(O)=O)=CC=C1)C(O)=O,CC(C)(Cc1cccc(CC(C)(C)C(=O)O)c1)C(=O)O,"InChI=1S/C16H22O4/c1-15(2,13(17)18)9-11-6-5-7-12(8-11)10-16(3,4)14(19)20/h5-8H,9-10H2,1-4H3,(H,17,18)(H,19,20)",BZWQVGTVYGEXTE-UHFFFAOYSA-N,1055,29555,DTXSID70458599,DSSTox_Substance_Id,DTXSID70458599,"alpha,alpha,alpha',alpha'-Tetramethyl-1,3-benzenedipropionic acid"
125,CC1=CC=C(C=C1)S(=O)(=O)NCCC1=CC=CC=C1,Cc1ccc(S(=O)(=O)NCCc2ccccc2)cc1,"InChI=1S/C15H17NO2S/c1-13-7-9-15(10-8-13)19(17,18)16-12-11-14-5-3-2-4-6-14/h2-10,16H,11-12H2,1H3",HJIXJBGIPKKBSG-UHFFFAOYSA-N,1056,29556,DTXSID70280039,DSSTox_Substance_Id,DTXSID70280039,N-Phenethyl-p-toluenesulfonamide
126,CC1=NC=CN1CC(O)=O,Cc1nccn1CC(=O)O,"InChI=1S/C6H8N2O2/c1-5-7-2-3-8(5)4-6(9)10/h2-3H,4H2,1H3,(H,9,10)",DKLNXONACKSAQI-UHFFFAOYSA-N,1057,29557,DTXSID90349495,DSSTox_Substance_Id,DTXSID90349495,(2-Methyl-imidazol-1-yl)-acetic acid
127,OC1=CC=C(C=C1)N1C=CC=C1C=O,O=Cc1cccn1-c1ccc(O)cc1,"InChI=1S/C11H9NO2/c13-8-10-2-1-7-12(10)9-3-5-11(14)6-4-9/h1-8,14H",NROKDIKTPVGYEO-UHFFFAOYSA-N,1058,29558,DTXSID60360071,DSSTox_Substance_Id,DTXSID60360071,1-(4-hydroxyphenyl)pyrrole-2-carbaldehyde
128,CC1=CC=C(C=C1)S(=O)C(C1=CC=CC=C1)C1=CC=CC=C1,Cc1ccc([S+]([O-])C(c2ccccc2)c2ccccc2)cc1,"InChI=1S/C20H18OS/c1-16-12-14-19(15-13-16)22(21)20(17-8-4-2-5-9-17)18-10-6-3-7-11-18/h2-15,20H,1H3",JZOHVILJVYBVKT-UHFFFAOYSA-N,1059,29559,DTXSID20279892,DSSTox_Substance_Id,DTXSID20279892,1-[(diphenylmethyl)sulfinyl]-4-methylbenzene
129,CC(C)C1=NN=C(NC(=O)CCC(=O)NC2=CC=C(Cl)C=C2)S1,CC(C)c1n[nH]c(=NC(=O)CCC(=O)Nc2ccc(Cl)cc2)s1,"InChI=1S/C15H17ClN4O2S/c1-9(2)14-19-20-15(23-14)18-13(22)8-7-12(21)17-11-5-3-10(16)4-6-11/h3-6,9H,7-8H2,1-2H3,(H,17,21)(H,18,20,22)",HWLQQVQIGMTPPU-UHFFFAOYSA-N,1060,29560,DTXSID20148276,DSSTox_Substance_Id,DTXSID20148276,"Succinamide, N-(p-chlorophenyl)-N'-(5-isopropyl-1,3,4-thiadiazol-2-yl)-"
130,CC1=CC=C(C=C1)N(CC(O)=O)S(C)(=O)=O,Cc1ccc(N(CC(=O)O)S(C)(=O)=O)cc1,"InChI=1S/C10H13NO4S/c1-8-3-5-9(6-4-8)11(7-10(12)13)16(2,14)15/h3-6H,7H2,1-2H3,(H,12,13)",DEIUTLQRQJTQBN-UHFFFAOYSA-N,1061,29561,DTXSID80357185,DSSTox_Substance_Id,DTXSID80357185,2-(4-methyl-N-methylsulfonylanilino)acetic acid
131,NC1=CC(=O)N=C(N1)SCC(=O)N1CCCCC1,Nc1cc(=O)[nH]c(SCC(=O)N2CCCCC2)n1,"InChI=1S/C11H16N4O2S/c12-8-6-9(16)14-11(13-8)18-7-10(17)15-4-2-1-3-5-15/h6H,1-5,7H2,(H3,12,13,14,16)",HYOPRFPLUIDYHX-UHFFFAOYSA-N,1062,29562,DTXSID10358281,DSSTox_Substance_Id,DTXSID10358281,ST51025491
132,CC12CCC3C(CCC4CC5OC5CC34C)C1CCC21OCCO1,CC12CC3OC3CC1CCC1C2CCC2(C)C1CCC21OCCO1,"InChI=1S/C21H32O3/c1-19-12-18-17(24-18)11-13(19)3-4-14-15(19)5-7-20(2)16(14)6-8-21(20)22-9-10-23-21/h13-18H,3-12H2,1-2H3",XDGWFGIXONLAIR-UHFFFAOYSA-N,1063,29563,DTXSID40296985,DSSTox_Substance_Id,DTXSID40296985,MLS002706492
133,COC1=NC(OC2=CC=C(C=C2)C(O)=O)=NC(OC2=CC=C(C=C2)C(O)=O)=N1,COc1nc(Oc2ccc(C(=O)O)cc2)nc(Oc2ccc(C(=O)O)cc2)n1,"InChI=1S/C18H13N3O7/c1-26-16-19-17(27-12-6-2-10(3-7-12)14(22)23)21-18(20-16)28-13-8-4-11(5-9-13)15(24)25/h2-9H,1H3,(H,22,23)(H,24,25)",PJVLXPBRMUDUMO-UHFFFAOYSA-N,1064,29564,DTXSID70365633,DSSTox_Substance_Id,DTXSID70365633,"Benzoic acid, 4,4'-[(6-methoxy-1,3,5-triazine-2,4-diyl)bis(oxy)]bis-"
134,S=C(NC1=CC=CC=C1)N1CCOCC1,S=C(Nc1ccccc1)N1CCOCC1,"InChI=1S/C11H14N2OS/c15-11(13-6-8-14-9-7-13)12-10-4-2-1-3-5-10/h1-5H,6-9H2,(H,12,15)",PMYMYVBNBAVIRT-UHFFFAOYSA-N,1065,29565,DTXSID90349910,DSSTox_Substance_Id,DTXSID90349910,N-phenylmorpholine-4-carbothioamide
135,CCC(CC)NC(=O)C1=CC(Br)=CC=C1,CCC(CC)NC(=O)c1cccc(Br)c1,"InChI=1S/C12H16BrNO/c1-3-11(4-2)14-12(15)9-6-5-7-10(13)8-9/h5-8,11H,3-4H2,1-2H3,(H,14,15)",SOFVIJAAWIYFJN-UHFFFAOYSA-N,1066,29566,DTXSID20358292,DSSTox_Substance_Id,DTXSID20358292,3-bromo-N-pentan-3-ylbenzamide
136,FC1=CC=C(C=C1)S(=O)(=O)NC1=CC=CC=C1,O=S(=O)(Nc1ccccc1)c1ccc(F)cc1,"InChI=1S/C12H10FNO2S/c13-10-6-8-12(9-7-10)17(15,16)14-11-4-2-1-3-5-11/h1-9,14H",LDOCMFAHAVONEI-UHFFFAOYSA-N,1067,29567,DTXSID8075386,DSSTox_Substance_Id,DTXSID8075386,4-Fluorobenzenesulfonanilide
137,COCOC1=C(OCOC)C=C(C=O)C=C1,COCOc1ccc(C=O)cc1OCOC,"InChI=1S/C11H14O5/c1-13-7-15-10-4-3-9(6-12)5-11(10)16-8-14-2/h3-6H,7-8H2,1-2H3",RYTSFSLVJDNOHI-UHFFFAOYSA-N,1068,29568,DTXSID40471750,DSSTox_Substance_Id,DTXSID40471750,"3,4-bis(methoxymethoxy)benzaldehyde"
138,COC1=CC=C(C=C1)S(=O)(=O)NC(CC1=CC=CC=C1)C(O)=O,COc1ccc(S(=O)(=O)NC(Cc2ccccc2)C(=O)O)cc1,"InChI=1S/C16H17NO5S/c1-22-13-7-9-14(10-8-13)23(20,21)17-15(16(18)19)11-12-5-3-2-4-6-12/h2-10,15,17H,11H2,1H3,(H,18,19)",DBKQRNHRAQHJGB-UHFFFAOYSA-N,1069,29569,DTXSID10377538,DSSTox_Substance_Id,DTXSID10377538,N-(4-Methoxybenzene-1-sulfonyl)phenylalanine
139,CN(C)S(=O)(=O)C1=C(Cl)C=C(Cl)C(=C1)C(=O)NC1=NN(C)C=C1,CN(C)S(=O)(=O)c1cc(C(=O)N=c2ccn(C)[nH]2)c(Cl)cc1Cl,"InChI=1S/C13H14Cl2N4O3S/c1-18(2)23(21,22)11-6-8(9(14)7-10(11)15)13(20)16-12-4-5-19(3)17-12/h4-7H,1-3H3,(H,16,17,20)",CBCIBBINQZJINB-UHFFFAOYSA-N,1070,29570,DTXSID80412607,DSSTox_Substance_Id,DTXSID80412607,ST080476
140,CC1=NC=C(N1CC(O)CCl)[N+]([O-])=O,Cc1ncc([N+](=O)[O-])n1CC(O)CCl,"InChI=1S/C7H10ClN3O3/c1-5-9-3-7(11(13)14)10(5)4-6(12)2-8/h3,6,12H,2,4H2,1H3",IPWKIXLWTCNBKN-UHFFFAOYSA-N,1071,29571,DTXSID4045420,DSSTox_Substance_Id,DTXSID4045420,Ornidazole
141,Cl.NC1=NC(=O)N(C=C1)[C@H]1C[C@H](O)[C@@H](CO)O1,N=c1ccn(C2CC(O)C(CO)O2)c(=O)[nH]1,"InChI=1S/C9H13N3O4/c10-7-1-2-12(9(15)11-7)8-3-5(14)6(4-13)16-8/h1-2,5-6,8,13-14H,3-4H2,(H2,10,11,15)",CKTSBUTUHBMZGZ-UHFFFAOYSA-N,1072,29572,DTXSID2074956,DSSTox_Substance_Id,DTXSID2074956,Deoxycytidine hydrochloride
142,OC(=O)\C=C\C1=CC=C(OCCCF)C=C1,O=C(O)C=Cc1ccc(OCCCF)cc1,"InChI=1S/C12H13FO3/c13-8-1-9-16-11-5-2-10(3-6-11)4-7-12(14)15/h2-7H,1,8-9H2,(H,14,15)",OYMMKASGSUZMPT-UHFFFAOYSA-N,1073,29573,DTXSID30420777,DSSTox_Substance_Id,DTXSID30420777,3-[4-(3-Fluoropropoxy)phenyl]acrylic acid
143,O=C(OCCOCCOC(=O)OC1=CC=CC=C1)OC1=CC=CC=C1,O=C(OCCOCCOC(=O)Oc1ccccc1)Oc1ccccc1,"InChI=1S/C18H18O7/c19-17(24-15-7-3-1-4-8-15)22-13-11-21-12-14-23-18(20)25-16-9-5-2-6-10-16/h1-10H,11-14H2",RWYCYIXEAKOSHP-UHFFFAOYSA-N,1074,29574,DTXSID10290899,DSSTox_Substance_Id,DTXSID10290899,Phenyl diglycol carbonate
144,CC1=C(C)C=C(NC(=S)NNC(=S)NNC2=CC=CC=C2)C=C1,Cc1ccc(NC(=S)NNC(=S)NNc2ccccc2)cc1C,"InChI=1S/C16H19N5S2/c1-11-8-9-14(10-12(11)2)17-15(22)19-21-16(23)20-18-13-6-4-3-5-7-13/h3-10,18H,1-2H3,(H2,17,19,22)(H2,20,21,23)",WVSPHRHPGDIFKT-UHFFFAOYSA-N,2050,22550,DTXSID90410134,DSSTox_Substance_Id,DTXSID90410134,MLS002920709
145,C=CCNC1=NNC(=S)S1,C=CCN=c1[nH][nH]c(=S)s1,"InChI=1S/C5H7N3S2/c1-2-3-6-4-7-8-5(9)10-4/h2H,1,3H2,(H,6,7)(H,8,9)",LJMZTBZTHWQFST-UHFFFAOYSA-N,2051,22551,DTXSID70364646,DSSTox_Substance_Id,DTXSID70364646,"5-(allylamino)-1,3,4-thiadiazole-2-thiol"
146,COC1=CC=C(C=C1)C1=NNC(=O)CC1,COc1ccc(C2=NNC(=O)CC2)cc1,"InChI=1S/C11H12N2O2/c1-15-9-4-2-8(3-5-9)10-6-7-11(14)13-12-10/h2-5H,6-7H2,1H3,(H,13,14)",DOTABPGEJRYYTM-UHFFFAOYSA-N,2052,22552,DTXSID30351052,DSSTox_Substance_Id,DTXSID30351052,"6-(4-Methoxyphenyl)-4,5-dihydropyridazin-3(2H)-one"
147,COC(=O)C1=CC2=CC(OC)=C(OC)C=C2C=C1,COC(=O)c1ccc2cc(OC)c(OC)cc2c1,"InChI=1S/C14H14O4/c1-16-12-7-9-4-5-10(14(15)18-3)6-11(9)8-13(12)17-2/h4-8H,1-3H3",TULPQRWJLLDMQC-UHFFFAOYSA-N,2053,22553,DTXSID80300393,DSSTox_Substance_Id,DTXSID80300393,"methyl 6,7-dimethoxynaphthalene-2-carboxylate"
148,COC1=C(OC)C=C2C3C4=C(OCC3(O)CC2=C1)C(OC)=C(OC)C=C4,COc1cc2c(cc1OC)C1c3ccc(OC)c(OC)c3OCC1(O)C2,"InChI=1S/C20H22O6/c1-22-14-6-5-12-17-13-8-16(24-3)15(23-2)7-11(13)9-20(17,21)10-26-18(12)19(14)25-4/h5-8,17,21H,9-10H2,1-4H3",ISFFQADYAJCULW-UHFFFAOYSA-N,2054,22554,DTXSID40278423,DSSTox_Substance_Id,DTXSID40278423,MLS002637999
149,NC1=C(Br)C=C2C(=C1)C(O)C1=C2C=CC(F)=C1,Nc1cc2c(cc1Br)-c1ccc(F)cc1C2O,"InChI=1S/C13H9BrFNO/c14-11-4-8-7-2-1-6(15)3-9(7)13(17)10(8)5-12(11)16/h1-5,13,17H,16H2",CQNHTYFQSULBMH-UHFFFAOYSA-N,2055,22555,DTXSID50291087,DSSTox_Substance_Id,DTXSID50291087,2-amino-3-bromo-7-fluoro-9h-fluoren-9-ol
150,O=C1N(C2=CC=CC=C2)C(=NC2=CC=CC=C12)C1=CC=CC=C1,O=c1c2ccccc2nc(-c2ccccc2)n1-c1ccccc1,InChI=1S/C20H14N2O/c23-20-17-13-7-8-14-18(17)21-19(15-9-3-1-4-10-15)22(20)16-11-5-2-6-12-16/h1-14H,RSKPIJGOGQGETI-UHFFFAOYSA-N,2056,22556,DTXSID40289791,DSSTox_Substance_Id,DTXSID40289791,"2,3-Diphenyl-4(3H)-quinazolinone"
151,CCOC(=O)C1=NC2=CC=CC=C2N=C1C,CCOC(=O)c1nc2ccccc2nc1C,"InChI=1S/C12H12N2O2/c1-3-16-12(15)11-8(2)13-9-6-4-5-7-10(9)14-11/h4-7H,3H2,1-2H3",IRZHLIWGVQPMHU-UHFFFAOYSA-N,2057,22557,DTXSID10343319,DSSTox_Substance_Id,DTXSID10343319,ethyl 3-methylquinoxaline-2-carboxylate
152,ClCC(CNCC1=CC=CC=C1)C1=CC=CC=C1,ClCC(CNCc1ccccc1)c1ccccc1,"InChI=1S/C16H18ClN/c17-11-16(15-9-5-2-6-10-15)13-18-12-14-7-3-1-4-8-14/h1-10,16,18H,11-13H2",KGMNCQZOWFZURG-UHFFFAOYSA-N,2058,22558,DTXSID40285394,DSSTox_Substance_Id,DTXSID40285394,n-benzyl-3-chloro-2-phenylpropan-1-amine
153,[O-][N+](=O)C1=CC=C(NC2=NN(C(=O)C2)C2=C(Cl)C=C(Cl)C=C2Cl)C=C1,O=c1cc(Nc2ccc([N+](=O)[O-])cc2)[nH]n1-c1c(Cl)cc(Cl)cc1Cl,"InChI=1S/C15H9Cl3N4O3/c16-8-5-11(17)15(12(18)6-8)21-14(23)7-13(20-21)19-9-1-3-10(4-2-9)22(24)25/h1-7,19-20H",LAFXDWSKCLWRAL-UHFFFAOYSA-N,2059,22559,DTXSID1067831,DSSTox_Substance_Id,DTXSID1067831,"3H-Pyrazol-3-one, 2,4-dihydro-5-[(4-nitrophenyl)amino]-2-(2,4,6-trichlorophenyl)-"
154,COC(=O)C1=CC=C(OCCOC2=CC=C(C=C2)C(=O)OC)C=C1,COC(=O)c1ccc(OCCOc2ccc(C(=O)OC)cc2)cc1,"InChI=1S/C18H18O6/c1-21-17(19)13-3-7-15(8-4-13)23-11-12-24-16-9-5-14(6-10-16)18(20)22-2/h3-10H,11-12H2,1-2H3",BBCJQHYOGQEOAA-UHFFFAOYSA-N,2060,22560,DTXSID90194861,DSSTox_Substance_Id,DTXSID90194861,"Dimethyl 4,4'-(1,2-ethanediylbis(oxy))bisbenzoate"
155,Cl.OC1=C(C=C(Br)C=C1)C1=CSC2=NCCN12,Oc1ccc(Br)cc1C1=CSC2=NCCN12,"InChI=1S/C11H9BrN2OS/c12-7-1-2-10(15)8(5-7)9-6-16-11-13-3-4-14(9)11/h1-2,5-6,15H,3-4H2",LNCALHDSJMAMRU-UHFFFAOYSA-N,2062,22562,DTXSID10166909,DSSTox_Substance_Id,DTXSID10166909,"Phenol, 4-bromo-2-(5,6-dihydroimidazo(2,1-b)thiazol-3-yl)-, monohydrochloride"
156,O=C(CC#N)NCCCC1=CC=CC=C1,N#CCC(=O)NCCCc1ccccc1,"InChI=1S/C12H14N2O/c13-9-8-12(15)14-10-4-7-11-5-2-1-3-6-11/h1-3,5-6H,4,7-8,10H2,(H,14,15)",WKWBOZPKWLHXMR-UHFFFAOYSA-N,2063,22563,DTXSID50401664,DSSTox_Substance_Id,DTXSID50401664,2-cyano-N-(3-phenylpropyl)acetamide
157,OC1=C(C=C(C=C1[N+]([O-])=O)C1=CC=CC=C1)[N+]([O-])=O,O=[N+]([O-])c1cc(-c2ccccc2)cc([N+](=O)[O-])c1O,"InChI=1S/C12H8N2O5/c15-12-10(13(16)17)6-9(7-11(12)14(18)19)8-4-2-1-3-5-8/h1-7,15H",TYLHNVQINZRZFJ-UHFFFAOYSA-N,2064,22564,DTXSID10193972,DSSTox_Substance_Id,DTXSID10193972,"4-Biphenylol, 3,5-dinitro-"
158,CC1=CC(NS(=O)(=O)C2=CC=C(NC(=O)NC3=CC=CC(=C3)C(F)(F)F)C=C2)=NO1,Cc1cc(=NS(=O)(=O)c2ccc(NC(=O)Nc3cccc(C(F)(F)F)c3)cc2)[nH]o1,"InChI=1S/C18H15F3N4O4S/c1-11-9-16(24-29-11)25-30(27,28)15-7-5-13(6-8-15)22-17(26)23-14-4-2-3-12(10-14)18(19,20)21/h2-10H,1H3,(H,24,25)(H2,22,23,26)",PFHYEAXTESGQKE-UHFFFAOYSA-N,2065,22565,DTXSID30368923,DSSTox_Substance_Id,DTXSID30368923,N-(5-Methylisoxazol-3-yl)-4-(3-(3-(trifluoromethyl)phenyl)ureido)benzenesulfonamide
159,FC1=CC=CC(=C1)C1=CC(=O)C2=CC=CC=C2O1,O=c1cc(-c2cccc(F)c2)oc2ccccc12,InChI=1S/C15H9FO2/c16-11-5-3-4-10(8-11)15-9-13(17)12-6-1-2-7-14(12)18-15/h1-9H,DEMNUISBUXJRNU-UHFFFAOYSA-N,2066,22566,DTXSID40294002,DSSTox_Substance_Id,DTXSID40294002,2-(3-fluorophenyl)-4h-chromen-4-one
160,CN(C)C1=CC=C(C=CC2=NC=CN=C2)C=C1,CN(C)c1ccc(C=Cc2cnccn2)cc1,"InChI=1S/C14H15N3/c1-17(2)14-7-4-12(5-8-14)3-6-13-11-15-9-10-16-13/h3-11H,1-2H3",XSDKZBVEJBPEMZ-UHFFFAOYSA-N,2067,22567,DTXSID60282845,DSSTox_Substance_Id,DTXSID60282845,"N,N-dimethyl-4-(2-pyrazin-2-ylethenyl)aniline"
161,O=C1NC(=O)C(N1S(=O)(=O)C1=CC=CC=C1)(C1=CC=CC=C1)C1=CC=CC=C1,O=C1NC(=O)C(c2ccccc2)(c2ccccc2)N1S(=O)(=O)c1ccccc1,"InChI=1S/C21H16N2O4S/c24-19-21(16-10-4-1-5-11-16,17-12-6-2-7-13-17)23(20(25)22-19)28(26,27)18-14-8-3-9-15-18/h1-15H,(H,22,24,25)",WMIAQXWVZFAYQL-UHFFFAOYSA-N,2068,22568,DTXSID80175684,DSSTox_Substance_Id,DTXSID80175684,PC-796
162,O=C1C=CN(CC2=CC=CC=C2)C(=O)N1CC1=CC=CC=C1,O=c1ccn(Cc2ccccc2)c(=O)n1Cc1ccccc1,"InChI=1S/C18H16N2O2/c21-17-11-12-19(13-15-7-3-1-4-8-15)18(22)20(17)14-16-9-5-2-6-10-16/h1-12H,13-14H2",FBMVAPDYFISJGR-UHFFFAOYSA-N,2069,22569,DTXSID60351388,DSSTox_Substance_Id,DTXSID60351388,"1,3-dibenzylpyrimidine-2,4-dione"
163,CC(C)(C)C1=NN(CC2=C(Cl)C=C(Cl)C=C2)C(=C1)C(O)=O,CC(C)(C)c1cc(C(=O)O)n(Cc2ccc(Cl)cc2Cl)n1,"InChI=1S/C15H16Cl2N2O2/c1-15(2,3)13-7-12(14(20)21)19(18-13)8-9-4-5-10(16)6-11(9)17/h4-7H,8H2,1-3H3,(H,20,21)",VQNZMDMWUNBVGO-UHFFFAOYSA-N,2070,22570,DTXSID40370870,DSSTox_Substance_Id,DTXSID40370870,"3-tert-Butyl-1-[(2,4-dichlorophenyl)methyl]-1H-pyrazole-5-carboxylic acid"
164,CC1=NC(=C(Br)N1CC1=CC=CC=C1)[N+]([O-])=O,Cc1nc([N+](=O)[O-])c(Br)n1Cc1ccccc1,"InChI=1S/C11H10BrN3O2/c1-8-13-11(15(16)17)10(12)14(8)7-9-5-3-2-4-6-9/h2-6H,7H2,1H3",QYNZGJLWUKHLGP-UHFFFAOYSA-N,2071,22571,DTXSID70353934,DSSTox_Substance_Id,DTXSID70353934,1-Benzyl-5-bromo-2-methyl-4-nitro-1H-imidazole
165,Cl.C[C@@H](NCCC1=CC=C(O)C=C1)[C@@H](O)C1=CC=C(O)C=C1,CC(NCCc1ccc(O)cc1)C(O)c1ccc(O)cc1,"InChI=1S/C17H21NO3/c1-12(17(21)14-4-8-16(20)9-5-14)18-11-10-13-2-6-15(19)7-3-13/h2-9,12,17-21H,10-11H2,1H3",IOVGROKTTNBUGK-UHFFFAOYSA-N,2072,22572,DTXSID00200447,DSSTox_Substance_Id,DTXSID00200447,"Benzenemethanol, 4-hydroxy-alpha-(1-((2-(4-hydroxyphenyl)ethyl)amino)ethyl)-, hydrochloride, (R*,S*)-(+-)-"
166,O=P(NC1=CC=CC=C1)(NC1=CC=CC=C1)OC1=CC=CC=C1,O=P(Nc1ccccc1)(Nc1ccccc1)Oc1ccccc1,"InChI=1S/C18H17N2O2P/c21-23(19-16-10-4-1-5-11-16,20-17-12-6-2-7-13-17)22-18-14-8-3-9-15-18/h1-15H,(H2,19,20,21)",FWHSKMZYMIEBIT-UHFFFAOYSA-N,2073,22573,DTXSID90367932,DSSTox_Substance_Id,DTXSID90367932,"Phosphorodiamidic acid, N,N'-diphenyl-, phenyl ester"
167,CCSC1=CC(Cl)=NC(N)=N1,CCSc1cc(Cl)[nH]c(=N)n1,"InChI=1S/C6H8ClN3S/c1-2-11-5-3-4(7)9-6(8)10-5/h3H,2H2,1H3,(H2,8,9,10)",UYKHEKWSJLRGKX-UHFFFAOYSA-N,2074,22574,DTXSID50285300,DSSTox_Substance_Id,DTXSID50285300,4-chloro-6-ethylsulfanylpyrimidin-2-amine
168,CC1=CC2=C(C=C1)N=C(S2)C1=CC(=C(NC(=O)C2=CC=C(N)C=C2)C=C1)S(O)(=O)=O,Cc1ccc2nc(-c3ccc(NC(=O)c4ccc(N)cc4)c(S(=O)(=O)O)c3)sc2c1,"InChI=1S/C21H17N3O4S2/c1-12-2-8-16-18(10-12)29-21(24-16)14-5-9-17(19(11-14)30(26,27)28)23-20(25)13-3-6-15(22)7-4-13/h2-11H,22H2,1H3,(H,23,25)(H,26,27,28)",OINIYAOVPXPWNV-UHFFFAOYSA-N,1775,5525,DTXSID30282594,DSSTox_Substance_Id,DTXSID30282594,NSC26699
169,NC1=CC=CC2=C1C=CC(=C2)S(=O)(=O)NC1=CC=C(C=C1)C(O)=O,Nc1cccc2cc(S(=O)(=O)Nc3ccc(C(=O)O)cc3)ccc12,"InChI=1S/C17H14N2O4S/c18-16-3-1-2-12-10-14(8-9-15(12)16)24(22,23)19-13-6-4-11(5-7-13)17(20)21/h1-10,19H,18H2,(H,20,21)",BAYMNCHSODLCJV-UHFFFAOYSA-N,1776,5526,DTXSID10284415,DSSTox_Substance_Id,DTXSID10284415,NSC37173
170,CC(=O)NC1=CC=C(C=C1)S(=O)(=O)NC1=NC2=CC=CC=C2N=C1,CC(=O)Nc1ccc(S(=O)(=O)N=c2cnc3ccccc3[nH]2)cc1,"InChI=1S/C16H14N4O3S/c1-11(21)18-12-6-8-13(9-7-12)24(22,23)20-16-10-17-14-4-2-3-5-15(14)19-16/h2-10H,1H3,(H,18,21)(H,19,20)",HQOJTUJGZNGEJL-UHFFFAOYSA-N,1777,5527,DTXSID90216532,DSSTox_Substance_Id,DTXSID90216532,N(4)-Acetylsulfaquinoxaline
171,NC1=NC(=O)C(CCCCCC(=O)C2=NC3=CC=CC=C3O2)=C(N)N1,N=c1[nH]c(N)c(CCCCCC(=O)c2nc3ccccc3o2)c(=O)[nH]1,"InChI=1S/C17H19N5O3/c18-14-10(15(24)22-17(19)21-14)6-2-1-3-8-12(23)16-20-11-7-4-5-9-13(11)25-16/h4-5,7,9H,1-3,6,8H2,(H5,18,19,21,22,24)",YYLKGGYSOHJCPK-UHFFFAOYSA-N,1778,5528,DTXSID10659169,DSSTox_Substance_Id,DTXSID10659169,"2,6-Diamino-5-[6-(1,3-benzoxazol-2-yl)-6-oxohexyl]pyrimidin-4(1H)-one"
172,CC1=NN(C(=O)C1N=NC1=CC=C(C=C1)S(O)(=O)=O)C1=CC(Cl)=C(C=C1Cl)S(O)(=O)=O,Cc1[nH]n(-c2cc(Cl)c(S(=O)(=O)O)cc2Cl)c(=O)c1N=Nc1ccc(S(=O)(=O)O)cc1,"InChI=1S/C16H12Cl2N4O7S2/c1-8-15(20-19-9-2-4-10(5-3-9)30(24,25)26)16(23)22(21-8)13-6-12(18)14(7-11(13)17)31(27,28)29/h2-7,21H,1H3,(H,24,25,26)(H,27,28,29)",ITXJRLKVUXXRNW-UHFFFAOYSA-N,1779,5529,DTXSID0048000,DSSTox_Substance_Id,DTXSID0048000,"C.I. Acid Yellow 17, parent"
173,NC(=O)C1=C(NC=O)N(C=N1)[C@@H]1O[C@H](COP(O)(O)=O)[C@@H](O)[C@H]1O,NC(=O)c1ncn(C2OC(CO[PH](=O)(=O)O)C(O)C2O)c1NC=O,"InChI=1S/C10H14N4O9P/c11-8(18)5-9(13-3-15)14(2-12-5)10-7(17)6(16)4(23-10)1-22-24(19,20)21/h2-4,6-7,10,16-17H,1H2,(H2,11,18)(H,13,15)(H,19,20,21)",WNUYRVHASHGZNS-UHFFFAOYSA-N,1780,5530,DTXSID50156384,DSSTox_Substance_Id,DTXSID50156384,5-Formylamino-4-imidazolecarboxamide ribonucleotide
174,C[C@H]1CN(CC(=O)NC2=CC3=C(SC4=C(C3)C=CC=C4C3=CC(=O)C=C(O3)N3CCOCC3)C=C2)C[C@@H](C)O1,CC1CN(CC(=O)Nc2ccc3c(c2)Cc2cccc(-c4cc(=O)cc(N5CCOCC5)o4)c2S3)CC(C)O1,"InChI=1S/C30H33N3O5S/c1-19-16-32(17-20(2)37-19)18-28(35)31-23-6-7-27-22(13-23)12-21-4-3-5-25(30(21)39-27)26-14-24(34)15-29(38-26)33-8-10-36-11-9-33/h3-7,13-15,19-20H,8-12,16-18H2,1-2H3,(H,31,35)",SCELLOWTHJGVIC-UHFFFAOYSA-N,1781,5531,DTXSID00580453,DSSTox_Substance_Id,DTXSID00580453,"2-[(2R,6S)-2,6-Dimethylmorpholin-4-yl]-N-{5-[6-(morpholin-4-yl)-4-oxo-4H-pyran-2-yl]-9H-thioxanthen-2-yl}acetamide"
175,COC1=C(OC)C=C2C(=C1)N=CN=C2N1N=C(N=C1N)C1=CC=CC=N1,COc1cc2ncnc(-n3[nH]c(-c4ccccn4)nc3=N)c2cc1OC,"InChI=1S/C17H15N7O2/c1-25-13-7-10-12(8-14(13)26-2)20-9-21-16(10)24-17(18)22-15(23-24)11-5-3-4-6-19-11/h3-9H,1-2H3,(H2,18,22,23)",ILBRKJBKDGCSCB-UHFFFAOYSA-N,1782,5532,DTXSID80659313,DSSTox_Substance_Id,DTXSID80659313,"1-(6,7-Dimethoxyquinazolin-4-yl)-3-(pyridin-2-yl)-1H-1,2,4-triazol-5-amine"
176,[H][C@@]1(CC[C@](C)(O1)[C@@H](C)O)[C@]1(C)CC[C@@H](C[C@H](O)[C@H](C)[C@H](O)[C@H](C)\C=C\C[C@@H](C)C[C@@H](C)C(\O)=C\C(=O)[C@@H](C)C[C@@H](C)C[C@H](C)CCC(O)=O)O1,CC(CCC(=O)O)CC(C)CC(C)C(=O)CC(=O)C(C)CC(C)CC=CC(C)C(O)C(C)C(O)CC1CCC(C)(C2CCC(C)(C(C)O)O2)O1,"InChI=1S/C41H72O9/c1-25(21-29(5)34(43)24-35(44)30(6)22-27(3)20-26(2)14-15-38(46)47)12-11-13-28(4)39(48)31(7)36(45)23-33-16-18-41(10,49-33)37-17-19-40(9,50-37)32(8)42/h11,13,25-33,36-37,39,42,45,48H,12,14-24H2,1-10H3,(H,46,47)",OQWWWMDCZGMEFT-UHFFFAOYSA-N,1783,5533,DTXSID2040521,DSSTox_Substance_Id,DTXSID2040521,Ionomycin
177,NC1=C2N=CN([C@@H]3O[C@H](COP(O)(=O)OP(O)(O)=O)[C@@H](O)[C@H]3O)C2=NC=N1,N=c1[nH]cnc2c1ncn2C1OC(CO[PH](=O)(=O)O[PH](=O)(=O)O)C(O)C1O,"InChI=1S/C10H13N5O10P2/c11-8-5-9(13-2-12-8)15(3-14-5)10-7(17)6(16)4(24-10)1-23-27(21,22)25-26(18,19)20/h2-4,6-7,10,16-17H,1H2,(H2,11,12,13)(H,18,19,20)",QWLXKUCHHMSTPQ-UHFFFAOYSA-N,1785,5535,DTXSID60883210,DSSTox_Substance_Id,DTXSID60883210,Adenosine diphosphate
178,NC1=C2N=CN([C@@H]3O[C@H](COP(O)(=O)OP(O)(=O)NP(O)(O)=O)[C@@H](O)[C@H]3O)C2=NC=N1,N=c1[nH]cnc2c1ncn2C1OC(CO[PH](=O)(=O)O[PH](=O)(=O)N[PH](=O)(=O)O)C(O)C1O,"InChI=1S/C10H14N6O12P3/c11-8-5-9(13-2-12-8)16(3-14-5)10-7(18)6(17)4(27-10)1-26-31(24,25)28-30(22,23)15-29(19,20)21/h2-4,6-7,10,17-18H,1H2,(H2,11,12,13)(H2,15,19,20,21,22,23)",KACYJLGBTGWWID-UHFFFAOYSA-N,1786,5536,DTXSID90180289,DSSTox_Substance_Id,DTXSID90180289,Adenylyl imidodiphosphate
179,ClC1=CC2=C(C=C1)C(=CN2)C(=O)N1CCN(CC1)C1=CC=CC=C1Cl,O=C(c1c[nH]c2cc(Cl)ccc12)N1CCN(c2ccccc2Cl)CC1,"InChI=1S/C19H17Cl2N3O/c20-13-5-6-14-15(12-22-17(14)11-13)19(25)24-9-7-23(8-10-24)18-4-2-1-3-16(18)21/h1-6,11-12,22H,7-10H2",ZDUAQXCLICAACJ-UHFFFAOYSA-N,1787,5537,DTXSID90581636,DSSTox_Substance_Id,DTXSID90581636,(6-Chloro-1H-indol-3-yl)[4-(2-chlorophenyl)piperazin-1-yl]methanone
180,CN(C)C(=O)[C@@H]1CCCN1C(=O)NCC1=C(C)C=C(C=C1)C(=O)N1CCCCC2=CC=CC=C12,Cc1cc(C(=O)N2CCCCc3ccccc32)ccc1CNC(=O)N1CCCC1C(=O)N(C)C,"InChI=1S/C27H34N4O3/c1-19-17-21(25(32)30-15-7-6-10-20-9-4-5-11-23(20)30)13-14-22(19)18-28-27(34)31-16-8-12-24(31)26(33)29(2)3/h4-5,9,11,13-14,17,24H,6-8,10,12,15-16,18H2,1-3H3,(H,28,34)",RUOLFWZIFNQQGH-UHFFFAOYSA-N,1788,5538,DTXSID40188331,DSSTox_Substance_Id,DTXSID40188331,Fedovapagon
181,CN(C)CC(=O)N1CCC(CC1)C1=CC(C2=CCCCC2)=C(NC(=O)C2=NC=C(N2)C#N)C=C1,CN(C)CC(=O)N1CCC(c2ccc(NC(=O)c3nc(C#N)c[nH]3)c(C3=CCCCC3)c2)CC1,"InChI=1S/C26H32N6O2/c1-31(2)17-24(33)32-12-10-18(11-13-32)20-8-9-23(22(14-20)19-6-4-3-5-7-19)30-26(34)25-28-16-21(15-27)29-25/h6,8-9,14,16,18H,3-5,7,10-13,17H2,1-2H3,(H,28,29)(H,30,34)",GUBJNPWVIUFSTR-UHFFFAOYSA-N,1789,5539,DTXSID70237129,DSSTox_Substance_Id,DTXSID70237129,JNJ-28312141 free base
182,NC1=NC=CC(OC2=C(F)C=C(NC(=O)C3=CNC=C(C3=O)C3=CC=C(F)C=C3)C=C2)=C1Cl,N=c1[nH]ccc(Oc2ccc(NC(=O)c3c[nH]cc(-c4ccc(F)cc4)c3=O)cc2F)c1Cl,"InChI=1S/C23H15ClF2N4O3/c24-20-19(7-8-29-22(20)27)33-18-6-5-14(9-17(18)26)30-23(32)16-11-28-10-15(21(16)31)12-1-3-13(25)4-2-12/h1-11H,(H2,27,29)(H,28,31)(H,30,32)",PDYXPCKITKHFOZ-UHFFFAOYSA-N,1790,5540,DTXSID30657662,DSSTox_Substance_Id,DTXSID30657662,"N-{4-[(2-Amino-3-chloropyridin-4-yl)oxy]-3-fluorophenyl}-5-(4-fluorophenyl)-4-oxo-1,4-dihydropyridine-3-carboxamide"
183,OC(=O)CCCC1=CNC2=C1C=CC=C2,O=C(O)CCCc1c[nH]c2ccccc12,"InChI=1S/C12H13NO2/c14-12(15)7-3-4-9-8-13-11-6-2-1-5-10(9)11/h1-2,5-6,8,13H,3-4,7H2,(H,14,15)",JTEDVYBZBROSJT-UHFFFAOYSA-N,1791,5541,DTXSID8032623,DSSTox_Substance_Id,DTXSID8032623,Indole-3-butyric acid
184,Cl.Cl.CCCCC(CC)CNC(=N)NC(=N)NCCCCCCNC(=N)NC(=N)NCC(CC)CCCC,CCCCC(CC)CN=C(N)N=C(N)NCCCCCCN=C(N)N=C(N)NCC(CC)CCCC,"InChI=1S/C26H56N10/c1-5-9-15-21(7-3)19-33-25(29)35-23(27)31-17-13-11-12-14-18-32-24(28)36-26(30)34-20-22(8-4)16-10-6-2/h21-22H,5-20H2,1-4H3,(H5,27,29,31,33,35)(H5,28,30,32,34,36)",LFVVNPBBFUSSHL-UHFFFAOYSA-N,1792,5542,DTXSID5045881,DSSTox_Substance_Id,DTXSID5045881,Alexidine dihydrochloride
185,CCCCNC(=O)N1C(NC(=O)OC)=NC2=C1C=CC=C2,CCCCNC(=O)n1c(=NC(=O)OC)[nH]c2ccccc21,"InChI=1S/C14H18N4O3/c1-3-4-9-15-13(19)18-11-8-6-5-7-10(11)16-12(18)17-14(20)21-2/h5-8H,3-4,9H2,1-2H3,(H,15,19)(H,16,17,20)",RIOXQFHNBCKOKP-UHFFFAOYSA-N,1793,5543,DTXSID5023900,DSSTox_Substance_Id,DTXSID5023900,Benomyl
186,[H][C@@]1(O[C@@]2(CC[C@@H](C)[C@@H](CC3=NC4=C(O3)C=CC(NC)=C4C(O)=O)O2)[C@H](C)C[C@H]1C)[C@H](C)C(=O)C1=CC=CN1,CNc1ccc2oc(CC3OC4(CCC3C)OC(C(C)C(=O)c3ccc[nH]3)C(C)CC4C)nc2c1C(=O)O,"InChI=1S/C29H37N3O6/c1-15-10-11-29(17(3)13-16(2)27(38-29)18(4)26(33)20-7-6-12-31-20)37-22(15)14-23-32-25-21(36-23)9-8-19(30-5)24(25)28(34)35/h6-9,12,15-18,22,27,30-31H,10-11,13-14H2,1-5H3,(H,34,35)",HIYAVKIYRIFSCZ-UHFFFAOYSA-N,1794,5544,DTXSID1040405,DSSTox_Substance_Id,DTXSID1040405,Calcimycin
187,CN1C=NC2=C(C(C)=C(S2)C(O)=O)C1=O,Cc1c(C(=O)O)sc2ncn(C)c(=O)c12,"InChI=1S/C9H8N2O3S/c1-4-5-7(15-6(4)9(13)14)10-3-11(2)8(5)12/h3H,1-2H3,(H,13,14)",UXEKRAQXZUUDCB-UHFFFAOYSA-N,1795,5545,DTXSID20349605,DSSTox_Substance_Id,DTXSID20349605,"3,5-dimethyl-4-oxo-3,4-dihydrothieno[2,3-d]pyrimidine-6-carboxylic acid"
188,O=C(NC1=CC=CC=C1)C1=CC=CC=C1,O=C(Nc1ccccc1)c1ccccc1,"InChI=1S/C13H11NO/c15-13(11-7-3-1-4-8-11)14-12-9-5-2-6-10-12/h1-10H,(H,14,15)",ZVSKZLHKADLHSD-UHFFFAOYSA-N,1796,5546,DTXSID9059096,DSSTox_Substance_Id,DTXSID9059096,N-Phenylbenzamide
189,CC1=C(SC2=C1C(=O)NC=N2)C(O)=O,Cc1c(C(=O)O)sc2[nH]cnc(=O)c12,"InChI=1S/C8H6N2O3S/c1-3-4-6(11)9-2-10-7(4)14-5(3)8(12)13/h2H,1H3,(H,12,13)(H,9,10,11)",CYNGLBSDKJIAOD-UHFFFAOYSA-N,1797,5547,DTXSID50328084,DSSTox_Substance_Id,DTXSID50328084,"5-methyl-4-oxo-3,4-dihydrothieno[2,3-d]pyrimidine-6-carboxylic acid"
190,NN1C(=S)NN=C1C1=CC=NC=C1,Nn1c(-c2ccncc2)n[nH]c1=S,"InChI=1S/C7H7N5S/c8-12-6(10-11-7(12)13)5-1-3-9-4-2-5/h1-4H,8H2,(H,11,13)",LHSIJUVRXSETDR-UHFFFAOYSA-N,1798,5548,DTXSID80352135,DSSTox_Substance_Id,DTXSID80352135,"4-amino-5-(pyridin-4-yl)-4H-1,2,4-triazole-3-thiol"
191,COC1=CC2=C(C=C1)C1=CC(C=O)=C(O)C(CC=C(C)C)=C1N2,COc1ccc2c(c1)[nH]c1c(CC=C(C)C)c(O)c(C=O)cc12,"InChI=1S/C19H19NO3/c1-11(2)4-6-15-18-16(8-12(10-21)19(15)22)14-7-5-13(23-3)9-17(14)20-18/h4-5,7-10,20,22H,6H2,1-3H3",RJWKVZMWLOWCMX-UHFFFAOYSA-N,1799,5549,DTXSID90152567,DSSTox_Substance_Id,DTXSID90152567,7-Methoxyheptaphylline
192,[Na+].OS([O-])=O,O=S(O)O,"InChI=1S/H2O3S/c1-4(2)3/h(H2,1,2,3)",LSNNMFCWUKXFEE-UHFFFAOYSA-N,550,300,DTXSID8034902,DSSTox_Substance_Id,DTXSID8034902,Sodium bisulfite
193,[Na+].[O-][N+]([O-])=O,O=[N+]([O-])[O-],InChI=1S/NO3/c2-1(3)4/q-1,NHNBFGGVMKEFGY-UHFFFAOYSA-N,551,301,DTXSID6020937,DSSTox_Substance_Id,DTXSID6020937,Sodium nitrate
194,[Na+].[Na+].[Na+].[Na+].[O-]P([O-])(=O)OP([O-])([O-])=O,O=[PH](=O)(O)O[PH](=O)(=O)O,"InChI=1S/H2O7P2/c1-8(2,3)7-9(4,5)6/h(H,1,2,3)(H,4,5,6)",JEAKBXUEZXBLFQ-UHFFFAOYSA-N,552,302,DTXSID9042465,DSSTox_Substance_Id,DTXSID9042465,Tetrasodium pyrophosphate
195,COC1=CC=C(CN2C=C(C(O)=O)C(=O)C3=CC=CC=C23)C=C1,COc1ccc(Cn2cc(C(=O)O)c(=O)c3ccccc32)cc1,"InChI=1S/C18H15NO4/c1-23-13-8-6-12(7-9-13)10-19-11-15(18(21)22)17(20)14-4-2-3-5-16(14)19/h2-9,11H,10H2,1H3,(H,21,22)",BZBBTGCKPRSPGF-UHFFFAOYSA-N,554,304,DTXSID20363104,DSSTox_Substance_Id,DTXSID20363104,BQCA
196,O.Cl.Cl.Cl.Cl.COC1=CC=CC=C1CNCCCCCCNCCCCCCCCNCCCCCCNCC1=CC=CC=C1OC,COc1ccccc1CNCCCCCCNCCCCCCCCNCCCCCCNCc1ccccc1OC,"InChI=1S/C36H62N4O2/c1-41-35-23-13-11-21-33(35)31-39-29-19-9-7-17-27-37-25-15-5-3-4-6-16-26-38-28-18-8-10-20-30-40-32-34-22-12-14-24-36(34)42-2/h11-14,21-24,37-40H,3-10,15-20,25-32H2,1-2H3",RPMBYDYUVKEZJA-UHFFFAOYSA-N,555,305,DTXSID40146754,DSSTox_Substance_Id,DTXSID40146754,Methoctramine tetrahydrochloride
197,[I-].[I-].[I-].CC[N+](CC)(CC)CCOC1=CC=CC(OCC[N+](CC)(CC)CC)=C1OCC[N+](CC)(CC)CC,CC[N+](CC)(CC)CCOc1cccc(OCC[N+](CC)(CC)CC)c1OCC[N+](CC)(CC)CC,"InChI=1S/C30H60N3O3/c1-10-31(11-2,12-3)22-25-34-28-20-19-21-29(35-26-23-32(13-4,14-5)15-6)30(28)36-27-24-33(16-7,17-8)18-9/h19-21H,10-18,22-27H2,1-9H3/q+3",OZLPUNFFCJDMJD-UHFFFAOYSA-N,556,306,DTXSID5023089,DSSTox_Substance_Id,DTXSID5023089,Gallamine triethiodide
198,CC(C)C1=NN=C(C)N1[C@@H]1C[C@@H]2CC[C@H](C1)N2CC[C@H](NC(=O)C1CCC(F)(F)CC1)C1=CC=CC=C1,Cc1nnc(C(C)C)n1C1CC2CCC(C1)N2CCC(NC(=O)C1CCC(F)(F)CC1)c1ccccc1,"InChI=1S/C29H41F2N5O/c1-19(2)27-34-33-20(3)36(27)25-17-23-9-10-24(18-25)35(23)16-13-26(21-7-5-4-6-8-21)32-28(37)22-11-14-29(30,31)15-12-22/h4-8,19,22-26H,9-18H2,1-3H3,(H,32,37)",GSNHKUDZZFZSJB-UHFFFAOYSA-N,557,307,DTXSID8048949,DSSTox_Substance_Id,DTXSID8048949,Maraviroc
199,CCCC(C)(C)C1=CC2=C(C=C1)[C@@H]1CC(C)=CC[C@H]1C(C)(C)O2,CCCC(C)(C)c1ccc2c(c1)OC(C)(C)C1CC=C(C)CC21,"InChI=1S/C22H32O/c1-7-12-21(3,4)16-9-10-17-18-13-15(2)8-11-19(18)22(5,6)23-20(17)14-16/h8-10,14,18-19H,7,11-13H2,1-6H3",YSBFLLZNALVODA-UHFFFAOYSA-N,558,308,DTXSID30426077,DSSTox_Substance_Id,DTXSID30426077,JWH-133
200,CN1C(=O)C=C(N2CCC[C@@H](N)C2)N(CC2=CC=CC=C2C#N)C1=O,Cn1c(=O)cc(N2CCCC(N)C2)n(Cc2ccccc2C#N)c1=O,"InChI=1S/C18H21N5O2/c1-21-17(24)9-16(22-8-4-7-15(20)12-22)23(18(21)25)11-14-6-3-2-5-13(14)10-19/h2-3,5-6,9,15H,4,7-8,11-12,20H2,1H3",ZSBOMTDTBDDKMP-UHFFFAOYSA-N,559,309,DTXSID90234130,DSSTox_Substance_Id,DTXSID90234130,Alogliptin
201,NCC(CC(O)=O)C1=CC=C(Cl)C=C1,NCC(CC(=O)O)c1ccc(Cl)cc1,"InChI=1S/C10H12ClNO2/c11-9-3-1-7(2-4-9)8(6-12)5-10(13)14/h1-4,8H,5-6,12H2,(H,13,14)",KPYSYYIEGFHWSV-UHFFFAOYSA-N,560,310,DTXSID5022641,DSSTox_Substance_Id,DTXSID5022641,Baclofen
202,CC[C@H](C)C(=O)O[C@H]1CCC=C2C=C[C@H](C)[C@H](CC[C@@H]3C[C@@H](O)CC(=O)O3)[C@@H]12,CCC(C)C(=O)OC1CCC=C2C=CC(C)C(CCC3CC(O)CC(=O)O3)C21,"InChI=1S/C23H34O5/c1-4-14(2)23(26)28-20-7-5-6-16-9-8-15(3)19(22(16)20)11-10-18-12-17(24)13-21(25)27-18/h6,8-9,14-15,17-20,22,24H,4-5,7,10-13H2,1-3H3",AJLFOPYRIVGYMJ-UHFFFAOYSA-N,561,311,DTXSID4040684,DSSTox_Substance_Id,DTXSID4040684,Mevastatin
203,CN(C)CCC(C1=CC=C(Cl)C=C1)C1=NC=CC=C1,CN(C)CCC(c1ccc(Cl)cc1)c1ccccn1,"InChI=1S/C16H19ClN2/c1-19(2)12-10-15(16-5-3-4-11-18-16)13-6-8-14(17)9-7-13/h3-9,11,15H,10,12H2,1-2H3",SOYKEARSMXGVTM-UHFFFAOYSA-N,562,312,DTXSID0022804,DSSTox_Substance_Id,DTXSID0022804,Chlorpheniramine
204,ClC1=C(CCN2CCN(CC2)C2=NSC3=CC=CC=C23)C=C2CC(=O)NC2=C1,Oc1cc2cc(CCN3CCN(c4nsc5ccccc45)CC3)c(Cl)cc2[nH]1,"InChI=1S/C21H21ClN4OS/c22-17-13-18-15(12-20(27)23-18)11-14(17)5-6-25-7-9-26(10-8-25)21-16-3-1-2-4-19(16)28-24-21/h1-4,11-13,23,27H,5-10H2",CARRCRVKWDEWCD-UHFFFAOYSA-N,563,313,DTXSID4023753,DSSTox_Substance_Id,DTXSID4023753,Ziprasidone
205,CN1C=C(C(=O)OCC2CCN(CCNS(C)(=O)=O)CC2)C2=CC=CC=C12,Cn1cc(C(=O)OCC2CCN(CCNS(C)(=O)=O)CC2)c2ccccc21,"InChI=1S/C19H27N3O4S/c1-21-13-17(16-5-3-4-6-18(16)21)19(23)26-14-15-7-10-22(11-8-15)12-9-20-27(2,24)25/h3-6,13,15,20H,7-12,14H2,1-2H3",MOZPSIXKYJUTKI-UHFFFAOYSA-N,564,314,DTXSID40162772,DSSTox_Substance_Id,DTXSID40162772,"1H-Indole-3-carboxylic acid, 1-methyl-, (1-(2-((methylsulfonyl)amino)ethyl)-4-piperidinyl)methyl ester"
206,NCCNC(=O)C1=NC=C(Cl)C=C1,NCCNC(=O)c1ccc(Cl)cn1,"InChI=1S/C8H10ClN3O/c9-6-1-2-7(12-5-6)8(13)11-4-3-10/h1-2,5H,3-4,10H2,(H,11,13)",JZXRLKWWVNUZRB-UHFFFAOYSA-N,565,315,DTXSID2048294,DSSTox_Substance_Id,DTXSID2048294,Lazabemide
207,C[C@@H](NC(=O)[C@@H](N)CC1=CC=C(O)C=C1)C(=O)NCC(=O)N[C@@H](CC1=CC=CC=C1)C(=O)NNC(=O)[C@H](CC1=CC=CC=C1)NC(=O)CNC(=O)[C@@H](C)NC(=O)[C@@H](N)CC1=CC=C(O)C=C1,CC(NC(=O)C(N)Cc1ccc(O)cc1)C(=O)NCC(=O)NC(Cc1ccccc1)C(=O)NNC(=O)C(Cc1ccccc1)NC(=O)CNC(=O)C(C)NC(=O)C(N)Cc1ccc(O)cc1,"InChI=1S/C46H56N10O10/c1-27(51-43(63)35(47)21-31-13-17-33(57)18-14-31)41(61)49-25-39(59)53-37(23-29-9-5-3-6-10-29)45(65)55-56-46(66)38(24-30-11-7-4-8-12-30)54-40(60)26-50-42(62)28(2)52-44(64)36(48)22-32-15-19-34(58)20-16-32/h3-20,27-28,35-38,57-58H,21-26,47-48H2,1-2H3,(H,49,61)(H,50,62)(H,51,63)(H,52,64)(H,53,59)(H,54,60)(H,55,65)(H,56,66)",DESSEGDLRYOPTJ-UHFFFAOYSA-N,566,316,DTXSID80232802,DSSTox_Substance_Id,DTXSID80232802,Biphalin
208,[H][C@@]12OC3=C(O)C=CC4=C3[C@@]11CCN(CC3CCC3)[C@H](C4)[C@]1(O)CC[C@@H]2O,Oc1ccc2c3c1OC1C(O)CCC4(O)C(C2)N(CC2CCC2)CCC314,"InChI=1S/C21H27NO4/c23-14-5-4-13-10-16-21(25)7-6-15(24)19-20(21,17(13)18(14)26-19)8-9-22(16)11-12-2-1-3-12/h4-5,12,15-16,19,23-25H,1-3,6-11H2",NETZHAKZCGBWSS-UHFFFAOYSA-N,567,317,DTXSID8023345,DSSTox_Substance_Id,DTXSID8023345,Nalbuphine
209,CC(C)(OC1=CC=C(C=C1)C1CC1(Cl)Cl)C(O)=O,CC(C)(Oc1ccc(C2CC2(Cl)Cl)cc1)C(=O)O,"InChI=1S/C13H14Cl2O3/c1-12(2,11(16)17)18-9-5-3-8(4-6-9)10-7-13(10,14)15/h3-6,10H,7H2,1-2H3,(H,16,17)",KPSRODZRAIWAKH-UHFFFAOYSA-N,568,318,DTXSID8020331,DSSTox_Substance_Id,DTXSID8020331,Ciprofibrate
210,CC(C)C[C@H](NC(=O)[C@H](CC1=CC=CC=C1)NC(=O)C1=NC=CN=C1)B(O)O,CC(C)CC(NC(=O)C(Cc1ccccc1)NC(=O)c1cnccn1)B(O)O,"InChI=1S/C19H25BN4O4/c1-13(2)10-17(20(27)28)24-18(25)15(11-14-6-4-3-5-7-14)23-19(26)16-12-21-8-9-22-16/h3-9,12-13,15,17,27-28H,10-11H2,1-2H3,(H,23,26)(H,24,25)",GXJABQQUPOEUTA-UHFFFAOYSA-N,569,319,DTXSID3040980,DSSTox_Substance_Id,DTXSID3040980,Bortezomib
211,CC(C(O)=O)C1=CC=C(C(F)=C1)C1=CC=CC=C1,CC(C(=O)O)c1ccc(-c2ccccc2)c(F)c1,"InChI=1S/C15H13FO2/c1-10(15(17)18)12-7-8-13(14(16)9-12)11-5-3-2-4-6-11/h2-10H,1H3,(H,17,18)",SYTBZMRGLBWNTM-UHFFFAOYSA-N,570,320,DTXSID0037231,DSSTox_Substance_Id,DTXSID0037231,Flurbiprofen
212,CS(=O)(=O)NC1=CC=C(C=C1OC1=CC=CC=C1)[N+]([O-])=O,CS(=O)(=O)Nc1ccc([N+](=O)[O-])cc1Oc1ccccc1,"InChI=1S/C13H12N2O5S/c1-21(18,19)14-12-8-7-10(15(16)17)9-13(12)20-11-5-3-2-4-6-11/h2-9,14H,1H3",HYWYRSMBCFDLJT-UHFFFAOYSA-N,571,321,DTXSID3037250,DSSTox_Substance_Id,DTXSID3037250,Nimesulide
213,C\C(\C=C\C1=C(C)CCCC1(C)C)=C\C=C\C(\C)=C\C(O)=O,CC(C=CC1=C(C)CCCC1(C)C)=CC=CC(C)=CC(=O)O,"InChI=1S/C20H28O2/c1-15(8-6-9-16(2)14-19(21)22)11-12-18-17(3)10-7-13-20(18,4)5/h6,8-9,11-12,14H,7,10,13H2,1-5H3,(H,21,22)",SHGAZHPCJJPHSC-UHFFFAOYSA-N,572,322,DTXSID6040404,DSSTox_Substance_Id,DTXSID6040404,9-cis- Retinoic acid
214,NC1=NC(N)=C(N=N1)C1=CC=CC(Cl)=C1Cl,N=c1[nH]nc(-c2cccc(Cl)c2Cl)c(=N)[nH]1,"InChI=1S/C9H7Cl2N5/c10-5-3-1-2-4(6(5)11)7-8(12)14-9(13)16-15-7/h1-3H,(H4,12,13,14,16)",PYZRQGJRPPTADH-UHFFFAOYSA-N,573,323,DTXSID2023195,DSSTox_Substance_Id,DTXSID2023195,Lamotrigine
215,O=C1NC(=O)C(N1)(C1=CC=CC=C1)C1=CC=CC=C1,O=C1NC(=O)C(c2ccccc2)(c2ccccc2)N1,"InChI=1S/C15H12N2O2/c18-13-15(17-14(19)16-13,11-7-3-1-4-8-11)12-9-5-2-6-10-12/h1-10H,(H2,16,17,18,19)",CXOFVDLJLONNDW-UHFFFAOYSA-N,574,324,DTXSID8020541,DSSTox_Substance_Id,DTXSID8020541,"5,5-Diphenylhydantoin"
