,SMILES_original,SMILES_standardized,InChI_standardized,InChIKey_standardized,INPUT,FOUND_BY,DTXSID,PREFERRED_NAME
0,CCC(COC(=O)CCS)(COC(=O)CCS)COC(=O)CCS,CCC(COC(=O)CCS)(COC(=O)CCS)COC(=O)CCS,"InChI=1S/C15H26O6S3/c1-2-15(9-19-12(16)3-6-22,10-20-13(17)4-7-23)11-21-14(18)5-8-24/h22-24H,2-11H2,1H3",IMQFZQVZKBIPCQ-UHFFFAOYSA-N,DTXSID8044919,DSSTox_Substance_Id,DTXSID8044919,"2,2-Bis{[(3-sulfanylpropanoyl)oxy]methyl}butyl 3-sulfanylpropanoate"
1,ClC1=CC2=CC3=CC=CC=C3C=C2C=C1,Clc1ccc2cc3ccccc3cc2c1,InChI=1S/C14H9Cl/c15-14-6-5-12-7-10-3-1-2-4-11(10)8-13(12)9-14/h1-9H,OWFINXQLBMJDJQ-UHFFFAOYSA-N,DTXSID0049230,DSSTox_Substance_Id,DTXSID0049230,2-Chloroanthracene
2,CO[C@H]1[C@@H](C[C@@H]2CN3CCC4=C(NC5=C4C=CC(OC)=C5)[C@H]3C[C@@H]2[C@@H]1C(=O)OC)OC(=O)COC1=CC=C(OC)C=C1,COC(=O)C1C2CC3c4[nH]c5cc(OC)ccc5c4CCN3CC2CC(OC(=O)COc2ccc(OC)cc2)C1OC,"InChI=1S/C32H38N2O8/c1-37-19-5-7-20(8-6-19)41-17-28(35)42-27-13-18-16-34-12-11-23-22-10-9-21(38-2)14-25(22)33-30(23)26(34)15-24(18)29(31(27)39-3)32(36)40-4/h5-10,14,18,24,26-27,29,31,33H,11-13,15-17H2,1-4H3",KFDDPVMIQMFHBI-UHFFFAOYSA-N,DTXSID0046721,DSSTox_Substance_Id,DTXSID0046721,Mefeserpine
3,[Na+].CCCCCCCCCCCCCCCCCCOS([O-])(=O)=O,CCCCCCCCCCCCCCCCCCOS(=O)(=O)O,"InChI=1S/C18H38O4S/c1-2-3-4-5-6-7-8-9-10-11-12-13-14-15-16-17-18-22-23(19,20)21/h2-18H2,1H3,(H,19,20,21)",HVWGGPRWKSHASF-UHFFFAOYSA-N,DTXSID6047103,DSSTox_Substance_Id,DTXSID6047103,Octadecyl sulfate sodium salt
4,CC=C(C(=CC)C1=CC=C(OC(C)=O)C=C1)C1=CC=C(OC(C)=O)C=C1,CC=C(C(=CC)c1ccc(OC(C)=O)cc1)c1ccc(OC(C)=O)cc1,"InChI=1S/C22H22O4/c1-5-21(17-7-11-19(12-8-17)25-15(3)23)22(6-2)18-9-13-20(14-10-18)26-16(4)24/h5-14H,1-4H3",YWLLGDVBTLPARJ-UHFFFAOYSA-N,DTXSID9057840,DSSTox_Substance_Id,DTXSID9057840,Dienestrol diacetate
5,COC1=C(N)C=C2OC3=C(C=CC=C3)C2=C1,COc1cc2c(cc1N)oc1ccccc12,"InChI=1S/C13H11NO2/c1-15-13-6-9-8-4-2-3-5-11(8)16-12(9)7-10(13)14/h2-7H,14H2,1H3",SGQVWNYSHWQNOS-UHFFFAOYSA-N,DTXSID9020825,DSSTox_Substance_Id,DTXSID9020825,2-Methoxy-3-aminodibenzofuran
6,ClC(Cl)(Cl)Br,ClC(Cl)(Cl)Br,"InChI=1S/CBrCl3/c2-1(3,4)5",XNNQFQFUQLJSQT-UHFFFAOYSA-N,DTXSID7023930,DSSTox_Substance_Id,DTXSID7023930,Bromotrichloromethane
7,OC(=O)C1=CC(C(O)=O)=C(C=C1)C(O)=O,O=C(O)c1ccc(C(=O)O)c(C(=O)O)c1,"InChI=1S/C9H6O6/c10-7(11)4-1-2-5(8(12)13)6(3-4)9(14)15/h1-3H,(H,10,11)(H,12,13)(H,14,15)",ARCGXLSVLAOJQL-UHFFFAOYSA-N,DTXSID3021487,DSSTox_Substance_Id,DTXSID3021487,"1,2,4-Benzenetricarboxylic acid"
8,CC#C[C@]1(O)CC[C@H]2[C@@H]3C[C@H](C)C4=CC(=O)CC[C@]4(C)[C@H]3CC[C@]12C,CC#CC1(O)CCC2C3CC(C)=C4CC(=O)CCC4(C)C3CCC21C,"InChI=1S/C23H32O2/c1-5-9-23(25)12-8-19-17-13-15(2)20-14-16(24)6-10-21(20,3)18(17)7-11-22(19,23)4/h17-19,25H,6-8,10-14H2,1-4H3",IPLPGYDNMZTDLY-UHFFFAOYSA-N,DTXSID5057834,DSSTox_Substance_Id,DTXSID5057834,Dimethisteron
9,C[C@H]1C(=O)O[C@@H]2CCN3CC=C(COC(=O)[C@](C)(O)[C@]1(C)O)[C@H]23,CC1C(=O)OC2CCN3CC=C(COC(=O)C(C)(O)C1(C)O)C23,"InChI=1S/C16H23NO6/c1-9-13(18)23-11-5-7-17-6-4-10(12(11)17)8-22-14(19)16(3,21)15(9,2)20/h4,9,11-12,20-21H,5-8H2,1-3H3",QVCMHGGNRFRMAD-UHFFFAOYSA-N,DTXSID9020902,DSSTox_Substance_Id,DTXSID9020902,Monocrotaline
10,Cl.CC(CN(C)C)C(C)(O)CC1=CC=C(Cl)C=C1,CC(CN(C)C)C(C)(O)Cc1ccc(Cl)cc1,"InChI=1S/C14H22ClNO/c1-11(10-16(3)4)14(2,17)9-12-5-7-13(15)8-6-12/h5-8,11,17H,9-10H2,1-4H3",KVHHQGIIZCJATJ-UHFFFAOYSA-N,DTXSID7047807,DSSTox_Substance_Id,DTXSID7047807,Clobutinol hydrochloride
11,Cl.CC1=CC=CC(CC2=CNC=N2)=C1C,Cc1cccc(Cc2c[nH]cn2)c1C,"InChI=1S/C12H14N2/c1-9-4-3-5-11(10(9)2)6-12-7-13-8-14-12/h3-5,7-8H,6H2,1-2H3,(H,13,14)",RHDJRPPFURBGLQ-UHFFFAOYSA-N,DTXSID7048661,DSSTox_Substance_Id,DTXSID7048661,Detomidine hydrochloride
12,CC(C)=CCCC(C)=CCCC(C)=O,CC(=O)CCC=C(C)CCC=C(C)C,"InChI=1S/C13H22O/c1-11(2)7-5-8-12(3)9-6-10-13(4)14/h7,9H,5-6,8,10H2,1-4H3",HNZUNIKWNYHEJJ-UHFFFAOYSA-N,DTXSID1021586,DSSTox_Substance_Id,DTXSID1021586,"6,10-Dimethyl-5,9-undecadiene-2-one"
13,CCOC(=O)\C=C(/C)\C=C\C[C@@H](C)CCCC(C)C,CCOC(=O)C=C(C)C=CCC(C)CCCC(C)C,"InChI=1S/C17H30O2/c1-6-19-17(18)13-16(5)12-8-11-15(4)10-7-9-14(2)3/h8,12-15H,6-7,9-11H2,1-5H3",FYQGBXGJFWXIPP-UHFFFAOYSA-N,DTXSID6035784,DSSTox_Substance_Id,DTXSID6035784,(7S)-Hydroprene
14,OC1=C(C2CC(CC3=C2C=CC=C3)C2=CC=C(C=C2)C2=CC=C(Br)C=C2)C(=O)SC2=CC=CC=C12,O=c1c(C2CC(c3ccc(-c4ccc(Br)cc4)cc3)Cc3ccccc32)c(O)sc2ccccc12,"InChI=1S/C31H23BrO2S/c32-24-15-13-20(14-16-24)19-9-11-21(12-10-19)23-17-22-5-1-2-6-25(22)27(18-23)29-30(33)26-7-3-4-8-28(26)35-31(29)34/h1-16,23,27,34H,17-18H2",VSVAQRUUFVBBFS-UHFFFAOYSA-N,DTXSID4032374,DSSTox_Substance_Id,DTXSID4032374,Difethialone
15,[Na+].[Na+].[O-]C(=O)C1=CC=CC=C1NC1=CC(Cl)=CC=C1C([O-])=O,O=C(O)c1ccccc1Nc1cc(Cl)ccc1C(=O)O,"InChI=1S/C14H10ClNO4/c15-8-5-6-10(14(19)20)12(7-8)16-11-4-2-1-3-9(11)13(17)18/h1-7,16H,(H,17,18)(H,19,20)",UGDPYGKWIHHBMB-UHFFFAOYSA-N,DTXSID8048606,DSSTox_Substance_Id,DTXSID8048606,Lobenzarit sodium
16,CNC(=O)OC1=C(C=C(C)C=C1C(C)(C)C)C(C)(C)C,CNC(=O)Oc1c(C(C)(C)C)cc(C)cc1C(C)(C)C,"InChI=1S/C17H27NO2/c1-11-9-12(16(2,3)4)14(20-15(19)18-8)13(10-11)17(5,6)7/h9-10H,1-8H3,(H,18,19)",PNRAZZZISDRWMV-UHFFFAOYSA-N,DTXSID1042441,DSSTox_Substance_Id,DTXSID1042441,Terbucarb
17,CCCCOC(=O)CCC(C)=O,CCCCOC(=O)CCC(C)=O,"InChI=1S/C9H16O3/c1-3-4-7-12-9(11)6-5-8(2)10/h3-7H2,1-2H3",ISBWNEKJSSLXOD-UHFFFAOYSA-N,DTXSID3038800,DSSTox_Substance_Id,DTXSID3038800,Butyl 4-oxopentanoate
18,CCC(C(=O)NC(=O)NC(C)=O)C1=CC=CC=C1,CCC(C(=O)NC(=O)NC(C)=O)c1ccccc1,"InChI=1S/C13H16N2O3/c1-3-11(10-7-5-4-6-8-10)12(17)15-13(18)14-9(2)16/h4-8,11H,3H2,1-2H3,(H2,14,15,16,17,18)",GBPZSCQLDXUGNO-UHFFFAOYSA-N,DTXSID8048789,DSSTox_Substance_Id,DTXSID8048789,Acetylpheneturide
19,OC1=CC=C(C=O)C(O)=C1O,O=Cc1ccc(O)c(O)c1O,"InChI=1S/C7H6O4/c8-3-4-1-2-5(9)7(11)6(4)10/h1-3,9-11H",CRPNQSVBEWWHIJ-UHFFFAOYSA-N,DTXSID9057684,DSSTox_Substance_Id,DTXSID9057684,"2,3,4-Trihydroxybenzaldehyde"
20,CC1=CC=CC=C1S,Cc1ccccc1S,"InChI=1S/C7H8S/c1-6-4-2-3-5-7(6)8/h2-5,8H,1H3",LXUNZSDDXMPKLP-UHFFFAOYSA-N,DTXSID8047135,DSSTox_Substance_Id,DTXSID8047135,2-Methylbenzenethiol
21,C=CC(=O)OCCC#N,C=CC(=O)OCCC#N,"InChI=1S/C6H7NO2/c1-2-6(8)9-5-3-4-7/h2H,1,3,5H2",AEPWOCLBLLCOGZ-UHFFFAOYSA-N,DTXSID1044776,DSSTox_Substance_Id,DTXSID1044776,2-Cyanoethyl prop-2-enoate
22,CC1=CNC(=S)NC1=O,Cc1c[nH]c(=S)[nH]c1=O,"InChI=1S/C5H6N2OS/c1-3-2-6-5(9)7-4(3)8/h2H,1H3,(H2,6,7,8,9)",ZLAQATDNGLKIEV-UHFFFAOYSA-N,DTXSID9025665,DSSTox_Substance_Id,DTXSID9025665,5-Methyl-2-thiouracil
23,O.O.O.O.O=C1NC(=O)C(=O)C(=O)N1,O=C1NC(=O)C(=O)C(=O)N1,"InChI=1S/C4H2N2O4/c7-1-2(8)5-4(10)6-3(1)9/h(H2,5,6,8,9,10)",HIMXGTXNXJYFGB-UHFFFAOYSA-N,DTXSID5047241,DSSTox_Substance_Id,DTXSID5047241,"Pyrimidine-2,4,5,6(1H,3H)-tetrone tetrahydrate"
24,O=C(C1CCC1)C1=CC=CC=C1,O=C(c1ccccc1)C1CCC1,"InChI=1S/C11H12O/c12-11(10-7-4-8-10)9-5-2-1-3-6-9/h1-3,5-6,10H,4,7-8H2",MVEBDOSCXOQNAR-UHFFFAOYSA-N,DTXSID1048201,DSSTox_Substance_Id,DTXSID1048201,Cyclobutyl phenyl ketone
25,[Na+].CCCCCCCCCCCCCCCCOS([O-])(=O)=O,CCCCCCCCCCCCCCCCOS(=O)(=O)O,"InChI=1S/C16H34O4S/c1-2-3-4-5-6-7-8-9-10-11-12-13-14-15-16-20-21(17,18)19/h2-16H2,1H3,(H,17,18,19)",LPTIRUACFKQDHZ-UHFFFAOYSA-N,DTXSID0042400,DSSTox_Substance_Id,DTXSID0042400,Sodium hexyldecyl sulfate
26,CC1=CC=C(\C=N\N2C(=S)SC=C2C2=CC=CC=C2)C=C1,Cc1ccc(C=Nn2c(-c3ccccc3)csc2=S)cc1,"InChI=1S/C17H14N2S2/c1-13-7-9-14(10-8-13)11-18-19-16(12-21-17(19)20)15-5-3-2-4-6-15/h2-12H,1H3",SRANDCPSMJNFCK-UHFFFAOYSA-N,DTXSID9048801,DSSTox_Substance_Id,DTXSID9048801,Fezatione
27,C\C=C(/C)C(=O)OCC1=CC=CC=C1,CC=C(C)C(=O)OCc1ccccc1,"InChI=1S/C12H14O2/c1-3-10(2)12(13)14-9-11-7-5-4-6-8-11/h3-8H,9H2,1-2H3",QRGSTISKDZCDHV-UHFFFAOYSA-N,DTXSID3047130,DSSTox_Substance_Id,DTXSID3047130,Benzyl (2E)-2-methylbut-2-enoate
28,CCCCNC(N)=O,CCCCNC(N)=O,"InChI=1S/C5H12N2O/c1-2-3-4-7-5(6)8/h2-4H2,1H3,(H3,6,7,8)",CNWSQCLBDWYLAN-UHFFFAOYSA-N,DTXSID6020222,DSSTox_Substance_Id,DTXSID6020222,N-Butylurea
29,COC(=O)C1CC(=O)C(CC1=O)C(=O)OC,COC(=O)c1cc(O)c(C(O)OC)cc1O,"InChI=1S/C10H12O6/c1-15-9(13)5-3-8(12)6(4-7(5)11)10(14)16-2/h3-4,9,11-13H,1-2H3",BWTOCCBAOWZGCB-UHFFFAOYSA-N,DTXSID3027617,DSSTox_Substance_Id,DTXSID3027617,Dimethyl succinylsuccinate
30,Cl.CC1=C(N)C=CC(Cl)=C1,Cc1cc(Cl)ccc1N,"InChI=1S/C7H8ClN/c1-5-4-6(8)2-3-7(5)9/h2-4H,9H2,1H3",CXNVOWPRHWWCQR-UHFFFAOYSA-N,DTXSID0020288,DSSTox_Substance_Id,DTXSID0020288,4-Chloro-2-methylaniline hydrochloride
31,[Na+].[O-]C1=CC=CC=C1,Oc1ccccc1,"InChI=1S/C6H6O/c7-6-4-2-1-3-5-6/h1-5,7H",ISWSIDIOOBJBQZ-UHFFFAOYSA-N,DTXSID4027072,DSSTox_Substance_Id,DTXSID4027072,Sodium phenolate
32,NC(=S)NC(N)=S,NC(=S)NC(N)=S,"InChI=1S/C2H5N3S2/c3-1(6)5-2(4)7/h(H5,3,4,5,6,7)",JIRRNZWTWJGJCT-UHFFFAOYSA-N,DTXSID2034968,DSSTox_Substance_Id,DTXSID2034968,"2,4-Dithiobiuret"
33,CCCCCC(C=O)=CC1=CC=CC=C1,CCCCCC(C=O)=Cc1ccccc1,"InChI=1S/C14H18O/c1-2-3-5-10-14(12-15)11-13-8-6-4-7-9-13/h4,6-9,11-12H,2-3,5,10H2,1H3",HMKKIXGYKWDQSV-UHFFFAOYSA-N,DTXSID8029157,DSSTox_Substance_Id,DTXSID8029157,alpha-Amyl cinnamaldehyde
34,COC(=O)C1=NC(Cl)=C(Cl)N=C1N,COC(=O)c1nc(Cl)c(Cl)[nH]c1=N,"InChI=1S/C6H5Cl2N3O2/c1-13-6(12)2-5(9)11-4(8)3(7)10-2/h1H3,(H2,9,11)",USYMCUGEGUFUBI-UHFFFAOYSA-N,DTXSID8057645,DSSTox_Substance_Id,DTXSID8057645,"Methyl 3-amino-5,6-dichloropyrazine-2-carboxylate"
35,CCC1(CO)COCOC1,CCC1(CO)COCOC1,"InChI=1S/C7H14O3/c1-2-7(3-8)4-9-6-10-5-7/h8H,2-6H2,1H3",BGFBWRWYROQISE-UHFFFAOYSA-N,DTXSID0044949,DSSTox_Substance_Id,DTXSID0044949,"(5-Ethyl-1,3-dioxan-5-yl)methanol"
36,CCCCCOC1=C(C=CC=C1)C(=C/SC)\N1C=CN=C1,CCCCCOc1ccccc1C(=CSC)n1ccnc1,"InChI=1S/C17H22N2OS/c1-3-4-7-12-20-17-9-6-5-8-15(17)16(13-21-2)19-11-10-18-14-19/h5-6,8-11,13-14H,3-4,7,12H2,1-2H3",VWOIKFDZQQLJBJ-UHFFFAOYSA-N,DTXSID4057633,DSSTox_Substance_Id,DTXSID4057633,Neticonazole
37,CC(C)C1=CC(C(C)C)=C(O)C=C1,CC(C)c1ccc(O)c(C(C)C)c1,"InChI=1S/C12H18O/c1-8(2)10-5-6-12(13)11(7-10)9(3)4/h5-9,13H,1-4H3",KEUMBYCOWGLRBQ-UHFFFAOYSA-N,DTXSID7042273,DSSTox_Substance_Id,DTXSID7042273,"2,4-Diisopropylphenol"
38,C(OC1=CC=CC=C1)C1CO1,c1ccc(OCC2CO2)cc1,"InChI=1S/C9H10O2/c1-2-4-8(5-3-1)10-6-9-7-11-9/h1-5,9H,6-7H2",FQYUMYWMJTYZTK-UHFFFAOYSA-N,DTXSID8021145,DSSTox_Substance_Id,DTXSID8021145,Phenyl glycidyl ether
39,F[P-](F)(F)(F)(F)F.CC[N+]1(C)CCCC1,CC[N+]1(C)CCCC1,"InChI=1S/C7H16N/c1-3-8(2)6-4-5-7-8/h3-7H2,1-2H3/q+1",NIHOUJYFWMURBG-UHFFFAOYSA-N,DTXSID5047877,DSSTox_Substance_Id,DTXSID5047877,1-Ethyl-1-methylpyrrolidinium hexafluorophosphate
40,CCOC(OCC)\C=C\CC\C=C/CC,CCC=CCCC=CC(OCC)OCC,"InChI=1S/C13H24O2/c1-4-7-8-9-10-11-12-13(14-5-2)15-6-3/h7-8,11-13H,4-6,9-10H2,1-3H3",GCIRJCKOUVCUBZ-UHFFFAOYSA-N,DTXSID0047034,DSSTox_Substance_Id,DTXSID0047034,"(2E,6Z)-1,1-diethoxynona-2,6-diene"
41,COC(=O)C1=CC2=C(C=C1)C=C(C=C2)C(=O)OC,COC(=O)c1ccc2cc(C(=O)OC)ccc2c1,"InChI=1S/C14H12O4/c1-17-13(15)11-5-3-10-8-12(14(16)18-2)6-4-9(10)7-11/h3-8H,1-2H3",GYUVMLBYMPKZAZ-UHFFFAOYSA-N,DTXSID6029202,DSSTox_Substance_Id,DTXSID6029202,"Dimethyl 2,6-naphthalenedicarboxylate"
42,C\C(N1C=CN=C1)=C(\OCCOC1=CC=C(Cl)C=C1)C1=C(Cl)C=C(Cl)C=C1,CC(=C(OCCOc1ccc(Cl)cc1)c1ccc(Cl)cc1Cl)n1ccnc1,"InChI=1S/C20H17Cl3N2O2/c1-14(25-9-8-24-13-25)20(18-7-4-16(22)12-19(18)23)27-11-10-26-17-5-2-15(21)3-6-17/h2-9,12-13H,10-11H2,1H3",JMFOSJNGKJCTMJ-UHFFFAOYSA-N,DTXSID7057818,DSSTox_Substance_Id,DTXSID7057818,Omoconazole
43,ClC1=NC2=CC=CC=C2N=C1Cl,Clc1nc2ccccc2nc1Cl,InChI=1S/C8H4Cl2N2/c9-7-8(10)12-6-4-2-1-3-5(6)11-7/h1-4H,SPSSDDOTEZKOOV-UHFFFAOYSA-N,DTXSID1025013,DSSTox_Substance_Id,DTXSID1025013,"2,3-Dichloroquinoxaline"
44,CC(=O)O[Si](OC(C)=O)(OC(C)=O)C=C,C=C[Si](OC(C)=O)(OC(C)=O)OC(C)=O,"InChI=1S/C8H12O6Si/c1-5-15(12-6(2)9,13-7(3)10)14-8(4)11/h5H,1H2,2-4H3",NOZAQBYNLKNDRT-UHFFFAOYSA-N,DTXSID1044938,DSSTox_Substance_Id,DTXSID1044938,Ethenylsilanetriyl triacetate
45,Cl[H].CCNC(C)CC1=CC=C2OCOC2=C1,CCNC(C)Cc1ccc2c(c1)OCO2,"InChI=1S/C12H17NO2/c1-3-13-9(2)6-10-4-5-11-12(7-10)15-8-14-11/h4-5,7,9,13H,3,6,8H2,1-2H3",PVXVWWANJIWJOO-UHFFFAOYSA-N,DTXSID0048892,DSSTox_Substance_Id,DTXSID0048892,"N-Ethyl-alpha-methyl-1,3-benzodioxole-5-ethanamine hydrochloride"
46,OC(=O)CC(C(O)=O)S(O)(=O)=O,O=C(O)CC(C(=O)O)S(=O)(=O)O,"InChI=1S/C4H6O7S/c5-3(6)1-2(4(7)8)12(9,10)11/h2H,1H2,(H,5,6)(H,7,8)(H,9,10,11)",ULUAUXLGCMPNKK-UHFFFAOYSA-N,DTXSID8042426,DSSTox_Substance_Id,DTXSID8042426,Sulfosuccinic acid
47,CO[C@H]1[C@@H](C[C@@H]2CN3CCC4=C(NC5=C4C=CC(OC)=C5)[C@H]3C[C@@H]2[C@@H]1C(=O)OC)OC(=O)\C=C\C1=CC(OC)=C(O)C=C1,COC(=O)C1C2CC3c4[nH]c5cc(OC)ccc5c4CCN3CC2CC(OC(=O)C=Cc2ccc(O)c(OC)c2)C1OC,"InChI=1S/C33H38N2O8/c1-39-20-7-8-21-22-11-12-35-17-19-14-28(43-29(37)10-6-18-5-9-26(36)27(13-18)40-2)32(41-3)30(33(38)42-4)23(19)16-25(35)31(22)34-24(21)15-20/h5-10,13,15,19,23,25,28,30,32,34,36H,11-12,14,16-17H2,1-4H3",MMUMZMIKZXSFSD-UHFFFAOYSA-N,DTXSID2057815,DSSTox_Substance_Id,DTXSID2057815,Rescimetol
48,ClC(=O)C1=CC(=CC(=C1)C(Cl)=O)C(Cl)=O,O=C(Cl)c1cc(C(=O)Cl)cc(C(=O)Cl)c1,InChI=1S/C9H3Cl3O3/c10-7(13)4-1-5(8(11)14)3-6(2-4)9(12)15/h1-3H,UWCPYKQBIPYOLX-UHFFFAOYSA-N,DTXSID7044429,DSSTox_Substance_Id,DTXSID7044429,"1,3,5-Benzenetricarbonyl trichloride"
49,CC1(C)CC(O)CC(C)(C)N1,CC1(C)CC(O)CC(C)(C)N1,"InChI=1S/C9H19NO/c1-8(2)5-7(11)6-9(3,4)10-8/h7,10-11H,5-6H2,1-4H3",VDVUCLWJZJHFAV-UHFFFAOYSA-N,DTXSID3029655,DSSTox_Substance_Id,DTXSID3029655,"2,2,6,6-Tetramethyl- 4-piperidinol"
50,SCCC1=CN=CC=N1,SCCc1cnccn1,"InChI=1S/C6H8N2S/c9-4-1-6-5-7-2-3-8-6/h2-3,5,9H,1,4H2",QKVWBAMZPUHCMO-UHFFFAOYSA-N,DTXSID2025977,DSSTox_Substance_Id,DTXSID2025977,Pyrazineethanethiol
51,CC=CC=CCOC(=O)C(C)C,CC=CC=CCOC(=O)C(C)C,"InChI=1S/C10H16O2/c1-4-5-6-7-8-12-10(11)9(2)3/h4-7,9H,8H2,1-3H3",CVYBRMSQMLJGOI-UHFFFAOYSA-N,DTXSID4047414,DSSTox_Substance_Id,DTXSID4047414,"Hexa-2,4-dienyl isobutyrate"
52,CCCCCC[C@@H](O)C\C=C/CCCCCCCC(=O)OCC(O)CO,CCCCCCC(O)CC=CCCCCCCCC(=O)OCC(O)CO,"InChI=1S/C21H40O5/c1-2-3-4-11-14-19(23)15-12-9-7-5-6-8-10-13-16-21(25)26-18-20(24)17-22/h9,12,19-20,22-24H,2-8,10-11,13-18H2,1H3",HDIFHQMREAYYJW-UHFFFAOYSA-N,DTXSID90274071,DSSTox_Substance_Id,DTXSID90274071,1-Glyceryl ricinoleate
53,CCC(C)(C)C1CCCCC1OC(C)=O,CCC(C)(C)C1CCCCC1OC(C)=O,"InChI=1S/C13H24O2/c1-5-13(3,4)11-8-6-7-9-12(11)15-10(2)14/h11-12H,5-9H2,1-4H3",YEVACTAGDANHRH-UHFFFAOYSA-N,DTXSID0044573,DSSTox_Substance_Id,DTXSID0044573,2-(2-Methylbutan-2-yl)cyclohexyl acetate
54,CC1=C(Cl)C(N)=C(Cl)C=C1,Cc1ccc(Cl)c(N)c1Cl,"InChI=1S/C7H7Cl2N/c1-4-2-3-5(8)7(10)6(4)9/h2-3H,10H2,1H3",AYVZXDFCFQSWJD-UHFFFAOYSA-N,DTXSID7044710,DSSTox_Substance_Id,DTXSID7044710,"2,6-Dichloro-3-methylaniline"
55,CCCC(C)C(=O)OCC,CCCC(C)C(=O)OCC,"InChI=1S/C8H16O2/c1-4-6-7(3)8(9)10-5-2/h7H,4-6H2,1-3H3",HZPKNSYIDSNZKW-UHFFFAOYSA-N,DTXSID7047198,DSSTox_Substance_Id,DTXSID7047198,Ethyl 2-methylpentanoate
56,OC1=CC=C(C=C1)C(=O)CBr,O=C(CBr)c1ccc(O)cc1,"InChI=1S/C8H7BrO2/c9-5-8(11)6-1-3-7(10)4-2-6/h1-4,10H,5H2",LJYOFQHKEWTQRH-UHFFFAOYSA-N,DTXSID4034576,DSSTox_Substance_Id,DTXSID4034576,2-Bromo-4-hydroxyacetophenone
57,CCCCCC(C)=O,CCCCCC(C)=O,"InChI=1S/C7H14O/c1-3-4-5-6-7(2)8/h3-6H2,1-2H3",CATSNJVOTSVZJV-UHFFFAOYSA-N,DTXSID5021916,DSSTox_Substance_Id,DTXSID5021916,2-Heptanone
58,NC1=NC2=C(C=CC=C2)N1CC1=CC=C(F)C=C1,N=c1[nH]c2ccccc2n1Cc1ccc(F)cc1,"InChI=1S/C14H12FN3/c15-11-7-5-10(6-8-11)9-18-13-4-2-1-3-12(13)17-14(18)16/h1-8H,9H2,(H2,16,17)",XEARVXVLEKCISU-UHFFFAOYSA-N,DTXSID5057838,DSSTox_Substance_Id,DTXSID5057838,1-(4-Fluorobenzyl)-1H-benzimidazol-2-amine
59,CC1(C)[C@H](C=C(Cl)Cl)[C@@H]1C(=O)O[C@@H](C#N)C1=CC=CC(OC2=CC=CC=C2)=C1,CC1(C)C(C=C(Cl)Cl)C1C(=O)OC(C#N)c1cccc(Oc2ccccc2)c1,"InChI=1S/C22H19Cl2NO3/c1-22(2)17(12-19(23)24)20(22)21(26)28-18(13-25)14-7-6-10-16(11-14)27-15-8-4-3-5-9-15/h3-12,17-18,20H,1-2H3",KAATUXNTWXVJKI-UHFFFAOYSA-N,DTXSID7041201,DSSTox_Substance_Id,DTXSID7041201,alpha-Cypermethrin
60,CC1=C(Cl)C=CC=C1,Cc1ccccc1Cl,"InChI=1S/C7H7Cl/c1-6-4-2-3-5-7(6)8/h2-5H,1H3",IBSQPLPBRSHTTG-UHFFFAOYSA-N,DTXSID8023977,DSSTox_Substance_Id,DTXSID8023977,2-Chlorotoluene
61,OC1=C(Br)C=C(C=NOC2=C(C=C(C=C2)[N+]([O-])=O)[N+]([O-])=O)C=C1Br,O=[N+]([O-])c1ccc(ON=Cc2cc(Br)c(O)c(Br)c2)c([N+](=O)[O-])c1,"InChI=1S/C13H7Br2N3O6/c14-9-3-7(4-10(15)13(9)19)6-16-24-12-2-1-8(17(20)21)5-11(12)18(22)23/h1-6,19H",XTFNPKDYCLFGPV-UHFFFAOYSA-N,DTXSID1041681,DSSTox_Substance_Id,DTXSID1041681,Bromofenoxim
62,OCC#CCO,OCC#CCO,"InChI=1S/C4H6O2/c5-3-1-2-4-6/h5-6H,3-4H2",DLDJFQGPPSQZKI-UHFFFAOYSA-N,DTXSID4021921,DSSTox_Substance_Id,DTXSID4021921,"2-Butyne-1,4-diol"
63,[Na+].O[C@@H]([C@@H](COC(=O)CCC([O-])=O)NC(=O)C(Cl)Cl)C1=CC=C(C=C1)[N+]([O-])=O,O=C(O)CCC(=O)OCC(NC(=O)C(Cl)Cl)C(O)c1ccc([N+](=O)[O-])cc1,"InChI=1S/C15H16Cl2N2O8/c16-14(17)15(24)18-10(7-27-12(22)6-5-11(20)21)13(23)8-1-3-9(4-2-8)19(25)26/h1-4,10,13-14,23H,5-7H2,(H,18,24)(H,20,21)",LIRCDOVJWUGTMW-UHFFFAOYSA-N,DTXSID2024747,DSSTox_Substance_Id,DTXSID2024747,Chloramphenicol sodium succinate
64,NC1=C2N=CC=CC2=CC(Cl)=C1,Nc1cc(Cl)cc2cccnc12,"InChI=1S/C9H7ClN2/c10-7-4-6-2-1-3-12-9(6)8(11)5-7/h1-5H,11H2",RRFMPCSQKFOUFO-UHFFFAOYSA-N,DTXSID1063930,DSSTox_Substance_Id,DTXSID1063930,"8-Quinolinamine, 6-chloro-"
65,[Cl-].NC(=O)C1=C[N+](CC2=CC=CC=C2)=CC=C1,NC(=O)c1ccc[n+](Cc2ccccc2)c1,"InChI=1S/C13H12N2O/c14-13(16)12-7-4-8-15(10-12)9-11-5-2-1-3-6-11/h1-8,10H,9H2,(H-,14,16)/p+1",GPBSRPLIMMWMQS-UHFFFAOYSA-O,DTXSID90275765,DSSTox_Substance_Id,DTXSID90275765,"N-Benzylniacinamide, chloride"
66,NC1=C2N=CC=CC2=CC(O)=C1,Nc1cc(O)cc2cccnc12,"InChI=1S/C9H8N2O/c10-8-5-7(12)4-6-2-1-3-11-9(6)8/h1-5,12H,10H2",XSAFKWKVRFZBMP-UHFFFAOYSA-N,DTXSID30288258,DSSTox_Substance_Id,DTXSID30288258,8-Amino-6-quinolinol
67,COC1=CC(N)=C2N=CC=CC2=C1,COc1cc(N)c2ncccc2c1,"InChI=1S/C10H10N2O/c1-13-8-5-7-3-2-4-12-10(7)9(11)6-8/h2-6H,11H2,1H3",YGGTVPCTAKYCSQ-UHFFFAOYSA-N,DTXSID30237983,DSSTox_Substance_Id,DTXSID30237983,"8-Quinolinamine, 6-methoxy- (9CI)"
68,O=C1C2=CC=CC=C2C(=O)C1=C1NC2=CC=CC=C2C=C1,O=C1c2ccccc2C(=O)C1c1ccc2ccccc2n1,"InChI=1S/C18H11NO2/c20-17-12-6-2-3-7-13(12)18(21)16(17)15-10-9-11-5-1-4-8-14(11)19-15/h1-10,16H",IZMJMCDDWKSTTK-UHFFFAOYSA-N,DTXSID00208544,DSSTox_Substance_Id,DTXSID00208544,"Quinolinium, 1,3-dihydro-1,3-dioxo-2H-inden-2-ylide"
69,[Cl-].[O-][N+](=O)C1=CC=C(NC(=O)C[N+]2=CC=CC=C2)C=C1,O=C(C[n+]1ccccc1)Nc1ccc([N+](=O)[O-])cc1,"InChI=1S/C13H11N3O3/c17-13(10-15-8-2-1-3-9-15)14-11-4-6-12(7-5-11)16(18)19/h1-9H,10H2/p+1",LPQWZLVYGAZMFN-UHFFFAOYSA-O,DTXSID40490587,DSSTox_Substance_Id,DTXSID40490587,1-[2-(4-Nitroanilino)-2-oxoethyl]pyridin-1-ium chloride
70,CC1=C(C)C2=C(N1)C(N)=CC=C2,Cc1[nH]c2c(N)cccc2c1C,"InChI=1S/C10H12N2/c1-6-7(2)12-10-8(6)4-3-5-9(10)11/h3-5,12H,11H2,1-2H3",SRBIHKSWFZJZFZ-UHFFFAOYSA-N,DTXSID00144251,DSSTox_Substance_Id,DTXSID00144251,"Indole, 7-amino-2,3-dimethyl-"
71,[Cl-].NC(=O)C1=C[N+](CCC2=CC=CC=C2)=CC=C1,NC(=O)c1ccc[n+](CCc2ccccc2)c1,"InChI=1S/C14H14N2O/c15-14(17)13-7-4-9-16(11-13)10-8-12-5-2-1-3-6-12/h1-7,9,11H,8,10H2,(H-,15,17)/p+1",VZIZKTYOXXTZEF-UHFFFAOYSA-O,DTXSID20601275,DSSTox_Substance_Id,DTXSID20601275,3-Carbamoyl-1-(2-phenylethyl)pyridin-1-ium chloride
72,[Cl-].CC1=CC=C(NC(=O)C[N+]2=CC=CC=C2)C=C1,Cc1ccc(NC(=O)C[n+]2ccccc2)cc1,"InChI=1S/C14H14N2O/c1-12-5-7-13(8-6-12)15-14(17)11-16-9-3-2-4-10-16/h2-10H,11H2,1H3/p+1",OTSZXAQEBMPJAL-UHFFFAOYSA-O,DTXSID80490586,DSSTox_Substance_Id,DTXSID80490586,1-[2-(4-Methylanilino)-2-oxoethyl]pyridin-1-ium chloride
73,O=S1OC2=CC=CC=C2C2=CC=CC=C12,O=S1Oc2ccccc2-c2ccccc21,InChI=1S/C12H8O2S/c13-15-12-8-4-2-6-10(12)9-5-1-3-7-11(9)14-15/h1-8H,IYBLGEVIWORXGN-UHFFFAOYSA-N,DTXSID50356064,DSSTox_Substance_Id,DTXSID50356064,"6H-6lambda~4~-Dibenzo[c,e][1,2]oxathiin-6-one"
74,N\C(=N/C1=NC(=CC2=CC=CC=C12)C1=CC=CC=N1)C1=CC=CC=N1,N=C(N=c1[nH]c(-c2ccccn2)cc2ccccc12)c1ccccn1,"InChI=1S/C20H15N5/c21-19(17-10-4-6-12-23-17)25-20-15-8-2-1-7-14(15)13-18(24-20)16-9-3-5-11-22-16/h1-13H,(H2,21,24,25)",VZJMIYLTPATHJF-UHFFFAOYSA-N,DTXSID70332749,DSSTox_Substance_Id,DTXSID70332749,NSC637578
75,CC(=O)NC1=NC2=CC=CC=C2N=C1,CC(=O)N=c1cnc2ccccc2[nH]1,"InChI=1S/C10H9N3O/c1-7(14)12-10-6-11-8-4-2-3-5-9(8)13-10/h2-6H,1H3,(H,12,13,14)",MSBOHMAQFGHLKO-UHFFFAOYSA-N,DTXSID50343398,DSSTox_Substance_Id,DTXSID50343398,2-Acetamidoquinoxaline
76,CCCC(=O)NC(C1=CC=C(Cl)C=C1)C1=C(O)C2=C(C=CC=N2)C=C1,CCCC(=O)NC(c1ccc(Cl)cc1)c1ccc2cccnc2c1O,"InChI=1S/C20H19ClN2O2/c1-2-4-17(24)23-18(14-6-9-15(21)10-7-14)16-11-8-13-5-3-12-22-19(13)20(16)25/h3,5-12,18,25H,2,4H2,1H3,(H,23,24)",WUYUBRRFSCEXCC-UHFFFAOYSA-N,DTXSID00386917,DSSTox_Substance_Id,DTXSID00386917,GNF-Pf-3257
77,NC1=CC=CC2=CC(O)=CC=C12,Nc1cccc2cc(O)ccc12,"InChI=1S/C10H9NO/c11-10-3-1-2-7-6-8(12)4-5-9(7)10/h1-6,12H,11H2",FSBRKZMSECKELY-UHFFFAOYSA-N,DTXSID3058951,DSSTox_Substance_Id,DTXSID3058951,"2-Naphthalenol, 5-amino-"
78,OC1=CC=CC=C1C(=O)C=CC1=CC=CC=N1,O=C(C=Cc1ccccn1)c1ccccc1O,"InChI=1S/C14H11NO2/c16-13-7-2-1-6-12(13)14(17)9-8-11-5-3-4-10-15-11/h1-10,16H",RKZYMHSZANCMPI-UHFFFAOYSA-N,DTXSID60287198,DSSTox_Substance_Id,DTXSID60287198,1-(2-Hydroxyphenyl)-3-(pyridin-2-yl)prop-2-en-1-one
79,[O-][N+](=O)C1=CC2=[N+]([O-])N(C(C#N)=C2C=C1)C1=CC=CC=C1,N#Cc1c2ccc([N+](=O)[O-])cc2[n+]([O-])n1-c1ccccc1,InChI=1S/C14H8N4O3/c15-9-14-12-7-6-11(18(20)21)8-13(12)17(19)16(14)10-4-2-1-3-5-10/h1-8H,PSAFFGQSEHTYPY-UHFFFAOYSA-N,DTXSID10339292,DSSTox_Substance_Id,DTXSID10339292,ST080982
80,NC1=C2N=CC=CC2=CC(Br)=C1,Nc1cc(Br)cc2cccnc12,"InChI=1S/C9H7BrN2/c10-7-4-6-2-1-3-12-9(6)8(11)5-7/h1-5H,11H2",MFCPXRHDOOYWNO-UHFFFAOYSA-N,DTXSID5069176,DSSTox_Substance_Id,DTXSID5069176,"8-Quinolinamine, 6-bromo-"
81,NC1=CC=C2NC=CC2=C1,Nc1ccc2[nH]ccc2c1,"InChI=1S/C8H8N2/c9-7-1-2-8-6(5-7)3-4-10-8/h1-5,10H,9H2",ZCBIFHNDZBSCEP-UHFFFAOYSA-N,DTXSID5063734,DSSTox_Substance_Id,DTXSID5063734,5-Aminoindole
82,CCC1=CC(C(=O)CC2=CSC=N2)=C(O)C=C1O,CCc1cc(C(=O)Cc2cscn2)c(O)cc1O,"InChI=1S/C13H13NO3S/c1-2-8-3-10(13(17)5-11(8)15)12(16)4-9-6-18-7-14-9/h3,5-7,15,17H,2,4H2,1H3",YOYNBMLIWOSNHL-UHFFFAOYSA-N,DTXSID50352506,DSSTox_Substance_Id,DTXSID50352506,"Ethanone, 1-(5-ethyl-2,4-dihydroxyphenyl)-2-(4-thiazolyl)-"
83,Cl.CO[C@H]1C[C@H](C)CC2=C(NCCN(C)C)C(=O)C=C(NC(=O)\C(C)=C\C=C/[C@H](OC)[C@@H](OC(N)=O)\C(C)=C\[C@H](C)[C@H]1O)C2=O,COC1=CC=CC(C)C(=O)Nc2cc(O)c(N=CCN(C)C)c(c2O)CC(C)CC(OC)C(O)C(C)C=C(C)C1OC(N)=O,"InChI=1S/C32H48N4O8/c1-18-14-22-27(34-12-13-36(5)6)24(37)17-23(29(22)39)35-31(40)19(2)10-9-11-25(42-7)30(44-32(33)41)21(4)16-20(3)28(38)26(15-18)43-8/h9-12,16-20,26,28,30,37-39H,13-15H2,1-8H3,(H2,33,41)(H,35,40)",FUGYCECNWWVFSN-UHFFFAOYSA-N,DTXSID40431773,DSSTox_Substance_Id,DTXSID40431773,Alvespimycin hydrochloride
84,CCN(CC)CCCCCNC1=C2N=CC=CC2=CC(O)=C1,CCN(CC)CCCCCNc1cc(O)cc2cccnc12,"InChI=1S/C18H27N3O/c1-3-21(4-2)12-7-5-6-10-19-17-14-16(22)13-15-9-8-11-20-18(15)17/h8-9,11,13-14,19,22H,3-7,10,12H2,1-2H3",QCFWRPRHNQZRFT-UHFFFAOYSA-N,DTXSID20288565,DSSTox_Substance_Id,DTXSID20288565,8-{[5-(diethylamino)pentyl]amino}quinolin-6-ol
85,NC1=CC(N)=C(O)C2=C1C=CC=N2,Nc1cc(N)c2cccnc2c1O,"InChI=1S/C9H9N3O/c10-6-4-7(11)9(13)8-5(6)2-1-3-12-8/h1-4,13H,10-11H2",LZKZQHIHBPJQIL-UHFFFAOYSA-N,DTXSID80328976,DSSTox_Substance_Id,DTXSID80328976,"8-Quinolinol, 5,7-diamino-"
86,OC1=CC(=C2N=CC=CC2=C1)[N+]([O-])=O,O=[N+]([O-])c1cc(O)cc2cccnc12,"InChI=1S/C9H6N2O3/c12-7-4-6-2-1-3-10-9(6)8(5-7)11(13)14/h1-5,12H",AZDVQVFOHUFHOP-UHFFFAOYSA-N,DTXSID90280359,DSSTox_Substance_Id,DTXSID90280359,8-nitroquinolin-6-ol
87,CC1=CC=C(OC(=O)C2=C(O)C=C(N)C=C2)C=C1,Cc1ccc(OC(=O)c2ccc(N)cc2O)cc1,"InChI=1S/C14H13NO3/c1-9-2-5-11(6-3-9)18-14(17)12-7-4-10(15)8-13(12)16/h2-8,16H,15H2,1H3",OJIOCNFCPOQZFN-UHFFFAOYSA-N,DTXSID50204910,DSSTox_Substance_Id,DTXSID50204910,"Salicylic acid, 4-amino-, p-tolyl ester"
88,OC(=O)COC1=C(Cl)C=CC=C1Cl,O=C(O)COc1c(Cl)cccc1Cl,"InChI=1S/C8H6Cl2O3/c9-5-2-1-3-6(10)8(5)13-4-7(11)12/h1-3H,4H2,(H,11,12)",KHZWIIFEFQBNKL-UHFFFAOYSA-N,DTXSID30206114,DSSTox_Substance_Id,DTXSID30206114,"2,6-Dichlorophenoxyacetic acid"
89,NC1=CC(=O)C2=NNNC2=N1,Nc1cc(=O)c2[nH]nnc2[nH]1,"InChI=1S/C5H5N5O/c6-3-1-2(11)4-5(7-3)9-10-8-4/h1H,(H4,6,7,8,9,10,11)",IMDJDHHUQPQHNS-UHFFFAOYSA-N,DTXSID30297229,DSSTox_Substance_Id,DTXSID30297229,NSC114816
90,NC1=C(O)C(O)=C2C(=O)C3=CC=CC=C3C(=O)C2=C1,N=C1Cc2c(c(O)c3ccccc3c2O)C(=O)C1=O,"InChI=1S/C14H9NO4/c15-9-5-8-10(14(19)13(9)18)12(17)7-4-2-1-3-6(7)11(8)16/h1-4,15-17H,5H2",SGEDPZFLMFKNMQ-UHFFFAOYSA-N,DTXSID60192733,DSSTox_Substance_Id,DTXSID60192733,"9,10-Anthracenedione, 3-amino-1,2-dihydroxy- (9CI)"
91,COC1=C(OC)C=C2C(CC(C)=NN=C2C2=CC=C(N)C=C2)=C1,COc1cc2c(cc1OC)C(c1ccc(N)cc1)=NN=C(C)C2,"InChI=1S/C18H19N3O2/c1-11-8-13-9-16(22-2)17(23-3)10-15(13)18(21-20-11)12-4-6-14(19)7-5-12/h4-7,9-10H,8,19H2,1-3H3",WWQDEXGFYVSTCX-UHFFFAOYSA-N,DTXSID90145499,DSSTox_Substance_Id,DTXSID90145499,Nerisopam
92,Cl.OC[C@H]1COC2=C(C=CC=C2O1)N1CCN(CCNC(=O)C2=CC=C(F)C=C2)CC1,O=C(NCCN1CCN(c2cccc3c2OCC(CO)O3)CC1)c1ccc(F)cc1,"InChI=1S/C22H26FN3O4/c23-17-6-4-16(5-7-17)22(28)24-8-9-25-10-12-26(13-11-25)19-2-1-3-20-21(19)29-15-18(14-27)30-20/h1-7,18,27H,8-15H2,(H,24,28)",NYSDRDDQELAVKP-UHFFFAOYSA-N,DTXSID20243513,DSSTox_Substance_Id,DTXSID20243513,Flesinoxan hydrochloride
93,O=C1COC2=CC=CC=C2C(=O)N1CCCCN1CCN(CC1)C1=NC=CC=N1,O=C1COc2ccccc2C(=O)N1CCCCN1CCN(c2ncccn2)CC1,"InChI=1S/C21H25N5O3/c27-19-16-29-18-7-2-1-6-17(18)20(28)26(19)11-4-3-10-24-12-14-25(15-13-24)21-22-8-5-9-23-21/h1-2,5-9H,3-4,10-16H2",ITTHDTFPCPHJOU-UHFFFAOYSA-N,DTXSID50156900,DSSTox_Substance_Id,DTXSID50156900,Sun 8399
94,CN1C2=C(N3C=CC(=O)N(CCCN4CCN(CC4)C4=CC=CC=C4)C3=N2)C(=O)N(C)C1=O,Cn1c(=O)c2c(nc3n(CCCN4CCN(c5ccccc5)CC4)c(=O)ccn23)n(C)c1=O,"InChI=1S/C23H27N7O3/c1-25-20-19(21(32)26(2)23(25)33)30-12-9-18(31)29(22(30)24-20)11-6-10-27-13-15-28(16-14-27)17-7-4-3-5-8-17/h3-5,7-9,12H,6,10-11,13-16H2,1-2H3",KKAHSDTTXJNVBL-UHFFFAOYSA-N,DTXSID90168047,DSSTox_Substance_Id,DTXSID90168047,"Pyrimido(2,1-f)purine-2,4,8(1H,3H,9H)-trione, 1,3-dimethyl-9-(3-(4-phenyl-1-piperazinyl)propyl)-"
95,Cl.C[C@H](CN(C(=O)C1=CC=C(C=C1)C#N)C1=CC=CC=N1)N1CCN(CC1)C1=C2OCCOC2=CC=C1,CC(CN(C(=O)c1ccc(C#N)cc1)c1ccccn1)N1CCN(c2cccc3c2OCCO3)CC1,"InChI=1S/C28H29N5O3/c1-21(31-13-15-32(16-14-31)24-5-4-6-25-27(24)36-18-17-35-25)20-33(26-7-2-3-12-30-26)28(34)23-10-8-22(19-29)9-11-23/h2-12,21H,13-18,20H2,1H3",NRPQELCNMADTOZ-UHFFFAOYSA-N,DTXSID20195826,DSSTox_Substance_Id,DTXSID20195826,Lecozotan hydrochloride
96,ClC1=COC2=CC=CC=C2C(=O)N1CCCCN1CCC(=CC1)C1=CC=CC=N1,O=C1c2ccccc2OC=C(Cl)N1CCCCN1CC=C(c2ccccn2)CC1,"InChI=1S/C23H24ClN3O2/c24-22-17-29-21-9-2-1-7-19(21)23(28)27(22)14-6-5-13-26-15-10-18(11-16-26)20-8-3-4-12-25-20/h1-4,7-10,12,17H,5-6,11,13-16H2",URMTUEWUIGOJBW-UHFFFAOYSA-N,DTXSID90870153,DSSTox_Substance_Id,DTXSID90870153,"3-Chloro-4-[4-(3',6'-dihydro[2,4'-bipyridin]-1'(2'H)-yl)butyl]-1,4-benzoxazepin-5(4H)-one"
97,CCCN(CCCCN1C(=O)CC2(CCCC2)CC1=O)[C@@H]1COC2=C(C1)C(OC)=CC=C2,CCCN(CCCCN1C(=O)CC2(CCCC2)CC1=O)C1COc2cccc(OC)c2C1,"InChI=1S/C26H38N2O4/c1-3-13-27(20-16-21-22(31-2)9-8-10-23(21)32-19-20)14-6-7-15-28-24(29)17-26(18-25(28)30)11-4-5-12-26/h8-10,20H,3-7,11-19H2,1-2H3",DLLULNTXJPATBC-UHFFFAOYSA-N,DTXSID30160560,DSSTox_Substance_Id,DTXSID30160560,Alnespirone
98,CN1C2=C(N3CCCN(CCCCN4CCN(CC4)C4=CC=CC=C4)C3=N2)C(=O)N(C)C1=O,Cn1c(=O)c2c(nc3n2CCCN3CCCCN2CCN(c3ccccc3)CC2)n(C)c1=O,"InChI=1S/C24H33N7O2/c1-26-21-20(22(32)27(2)24(26)33)31-14-8-13-30(23(31)25-21)12-7-6-11-28-15-17-29(18-16-28)19-9-4-3-5-10-19/h3-5,9-10H,6-8,11-18H2,1-2H3",MHMIJKZAFZPTOO-UHFFFAOYSA-N,DTXSID90164089,DSSTox_Substance_Id,DTXSID90164089,"Pyrimido(2,1-f)purine-2,4(1H,3H)-dione, 6,7,8,9-tetrahydro-1,3-dimethyl-9-(4-(4-phenyl-1-piperazinyl)butyl)-"
99,CCCN(CCC)[C@H]1CC2=CNC3=C2C(C1)=C(C=C3)C(C)=O,CCCN(CCC)C1Cc2c[nH]c3ccc(C(C)=O)c(c23)C1,"InChI=1S/C19H26N2O/c1-4-8-21(9-5-2)15-10-14-12-20-18-7-6-16(13(3)22)17(11-15)19(14)18/h6-7,12,15,20H,4-5,8-11H2,1-3H3",CKYZLYQSDNLGPT-UHFFFAOYSA-N,DTXSID70161692,DSSTox_Substance_Id,DTXSID70161692,"1-[(4R)-4-(Dipropylamino)-1,3,4,5-tetrahydrobenz[cd]indol-6-yl]ethanone"
100,COC(=O)C(CN)C1=CNC2=CC=C(OC)C=C12,COC(=O)C(CN)c1c[nH]c2ccc(OC)cc12,"InChI=1S/C13H16N2O3/c1-17-8-3-4-12-9(5-8)11(7-15-12)10(6-14)13(16)18-2/h3-5,7,10,15H,6,14H2,1-2H3",YFEDJMLMWJSRJJ-UHFFFAOYSA-N,DTXSID2048400,DSSTox_Substance_Id,DTXSID2048400,Indorenate
101,C(CNC[C@H]1COC2=CC=CC=C2O1)COC1=CC2=C(OCO2)C=C1,c1ccc2c(c1)OCC(CNCCCOc1ccc3c(c1)OCO3)O2,"InChI=1S/C19H21NO5/c1-2-5-18-16(4-1)22-12-15(25-18)11-20-8-3-9-21-14-6-7-17-19(10-14)24-13-23-17/h1-2,4-7,10,15,20H,3,8-9,11-13H2",MEEQBDCQPIZMLY-UHFFFAOYSA-N,DTXSID90160127,DSSTox_Substance_Id,DTXSID90160127,Osemozotan
102,Cl.CCCCC1=CC(OC)=C(CC(C)N)C=C1OC,CCCCc1cc(OC)c(CC(C)N)cc1OC,"InChI=1S/C15H25NO2/c1-5-6-7-12-9-15(18-4)13(8-11(2)16)10-14(12)17-3/h9-11H,5-8,16H2,1-4H3",NGVDYAULSQKEGW-UHFFFAOYSA-N,DTXSID20877913,DSSTox_Substance_Id,DTXSID20877913,"2,5-Dimethoxy-4-butylamphetamine hydrochloride"
103,O=C1[C@H]2[C@@H]3CC[C@@H](C3)[C@H]2C(=O)N1CCCCN1CCN(CC1)C1=NC=CC=N1,Oc1c2c(c(O)n1CCCCN1CCN(c3ncccn3)CC1)C1CCC2C1,"InChI=1S/C21H29N5O2/c27-19-17-15-4-5-16(14-15)18(17)20(28)26(19)9-2-1-8-24-10-12-25(13-11-24)21-22-6-3-7-23-21/h3,6-7,15-16,27-28H,1-2,4-5,8-14H2",XCISMQWGDMQWLH-UHFFFAOYSA-N,DTXSID6048836,DSSTox_Substance_Id,DTXSID6048836,Tandospirone
104,CC(C)NC[C@H](O)COC1=C2C=CNC2=CC=C1,CC(C)NCC(O)COc1cccc2[nH]ccc12,"InChI=1S/C14H20N2O2/c1-10(2)16-8-11(17)9-18-14-5-3-4-13-12(14)6-7-15-13/h3-7,10-11,15-17H,8-9H2,1-2H3",JZQKKSLKJUAGIC-UHFFFAOYSA-N,DTXSID70873364,DSSTox_Substance_Id,DTXSID70873364,(S)-(-)-Pindolol
105,NC(=O)C1=CC2=CC(=CC=C2O1)N1CCN(CCCCC2=CNC3=CC=C(C=C23)C#N)CC1,N#Cc1ccc2[nH]cc(CCCCN3CCN(c4ccc5oc(C(N)=O)cc5c4)CC3)c2c1,"InChI=1S/C26H27N5O2/c27-16-18-4-6-23-22(13-18)19(17-29-23)3-1-2-8-30-9-11-31(12-10-30)21-5-7-24-20(14-21)15-25(33-24)26(28)32/h4-7,13-15,17,29H,1-3,8-12H2,(H2,28,32)",SGEGOXDYSFKCPT-UHFFFAOYSA-N,DTXSID80870086,DSSTox_Substance_Id,DTXSID80870086,Vilazodone
106,COCCOCCl,COCCOCCl,"InChI=1S/C4H9ClO2/c1-6-2-3-7-4-5/h2-4H2,1H3",BIAAQBNMRITRDV-UHFFFAOYSA-N,DTXSID8063250,DSSTox_Substance_Id,DTXSID8063250,"Ethane, 1-(chloromethoxy)-2-methoxy-"
107,CCN1CCC2(COC3=C2C=C2N(CCC2=C3)C(=O)C2=CC=C(C=C2)C2=CC=C(C=C2C)C2=NN=C(C)O2)CC1,CCN1CCC2(CC1)COc1cc3c(cc12)N(C(=O)c1ccc(-c2ccc(-c4nnc(C)o4)cc2C)cc1)CC3,"InChI=1S/C33H34N4O3/c1-4-36-15-12-33(13-16-36)20-39-30-18-25-11-14-37(29(25)19-28(30)33)32(38)24-7-5-23(6-8-24)27-10-9-26(17-21(27)2)31-35-34-22(3)40-31/h5-10,17-19H,4,11-16,20H2,1-3H3",WXAKEEQOWUHGCI-UHFFFAOYSA-N,DTXSID0047321,DSSTox_Substance_Id,DTXSID0047321,"(1'-ethyl-6,7-dihydro-5H-spiro[furo[2,3-f]indole-3,4'-piperidin]-5-yl)[2'-methyl-4'-(5-methyl-1,3,4-oxadiazol-2-yl)biphenyl-4-yl]methanone"
108,OC(=O)CCC(O)=O.CN[C@@H]1CCC2=C(C1)C1=C(N2)C=CC(=C1)C(N)=O,CNC1CCc2[nH]c3ccc(C(N)=O)cc3c2C1,"InChI=1S/C14H17N3O/c1-16-9-3-5-13-11(7-9)10-6-8(14(15)18)2-4-12(10)17-13/h2,4,6,9,16-17H,3,5,7H2,1H3,(H2,15,18)",XPSQPHWEGNHMSK-UHFFFAOYSA-N,DTXSID90166543,DSSTox_Substance_Id,DTXSID90166543,Frovatriptan succinate
109,Cl.CNS(=O)(=O)CCC1=CC2=C(NC=C2C2CCN(C)CC2)C=C1,CNS(=O)(=O)CCc1ccc2[nH]cc(C3CCN(C)CC3)c2c1,"InChI=1S/C17H25N3O2S/c1-18-23(21,22)10-7-13-3-4-17-15(11-13)16(12-19-17)14-5-8-20(2)9-6-14/h3-4,11-12,14,18-19H,5-10H2,1-2H3",AMKVXSZCKVJAGH-UHFFFAOYSA-N,DTXSID6049064,DSSTox_Substance_Id,DTXSID6049064,Naratriptan hydrochloride
110,OC(=O)CCC(O)=O.CNS(=O)(=O)CC1=CC2=C(NC=C2CCN(C)C)C=C1,CNS(=O)(=O)Cc1ccc2[nH]cc(CCN(C)C)c2c1,"InChI=1S/C14H21N3O2S/c1-15-20(18,19)10-11-4-5-14-13(8-11)12(9-16-14)6-7-17(2)3/h4-5,8-9,15-16H,6-7,10H2,1-3H3",KQKPFRSPSRPDEB-UHFFFAOYSA-N,DTXSID60145966,DSSTox_Substance_Id,DTXSID60145966,Sumatriptan succinate
111,CC1=CN2C(C=C1)=NC(C)=C(CCN1CCC(CC1)C(=O)C1=CC=C(F)C=C1)C2=O,Cc1ccc2nc(C)c(CCN3CCC(C(=O)c4ccc(F)cc4)CC3)c(=O)n2c1,"InChI=1S/C24H26FN3O2/c1-16-3-8-22-26-17(2)21(24(30)28(22)15-16)11-14-27-12-9-19(10-13-27)23(29)18-4-6-20(25)7-5-18/h3-8,15,19H,9-14H2,1-2H3",AXQRPYKSPHUOGZ-UHFFFAOYSA-N,DTXSID20230867,DSSTox_Substance_Id,DTXSID20230867,Metrenperone
112,CNC(=O)C1=CC2=C(C=C1)[C@@H](CCN1CCN(CC1)C1=CC=C(OC)C=C1)OCC2,CNC(=O)c1ccc2c(c1)CCOC2CCN1CCN(c2ccc(OC)cc2)CC1,"InChI=1S/C24H31N3O3/c1-25-24(28)19-3-8-22-18(17-19)10-16-30-23(22)9-11-26-12-14-27(15-13-26)20-4-6-21(29-2)7-5-20/h3-8,17,23H,9-16H2,1-2H3,(H,25,28)",UDLSEQDYARNKTL-UHFFFAOYSA-N,DTXSID00442608,DSSTox_Substance_Id,DTXSID00442608,"(1R)-1-[2-[4-(4-methoxyphenyl)piperazin-1-yl]ethyl]-N-methyl-3,4-dihydro-1H-isochromene-6-carboxamide"
113,O[C@H]([C@@H](O)C(O)=O)C(O)=O.CC(C)COC1=CC=C(CNC(=O)N(CC2=CC=C(F)C=C2)C2CCN(C)CC2)C=C1.CC(C)COC1=CC=C(CNC(=O)N(CC2=CC=C(F)C=C2)C2CCN(C)CC2)C=C1,CC(C)COc1ccc(CNC(=O)N(Cc2ccc(F)cc2)C2CCN(C)CC2)cc1,"InChI=1S/C25H34FN3O2/c1-19(2)18-31-24-10-6-20(7-11-24)16-27-25(30)29(23-12-14-28(3)15-13-23)17-21-4-8-22(26)9-5-21/h4-11,19,23H,12-18H2,1-3H3,(H,27,30)",RKEWSXXUOLRFBX-UHFFFAOYSA-N,DTXSID50220958,DSSTox_Substance_Id,DTXSID50220958,Pimavanserin tartrate
114,COC1=CC(=C(OC)C=C1CC(C)N)N(=O)=O,COc1cc([N+](=O)[O-])c(OC)cc1CC(C)N,"InChI=1S/C11H16N2O4/c1-7(12)4-8-5-11(17-3)9(13(14)15)6-10(8)16-2/h5-7H,4,12H2,1-3H3",JQJRESSXOVAECC-UHFFFAOYSA-N,DTXSID00874243,DSSTox_Substance_Id,DTXSID00874243,"2,5-Dimethoxy-4-nitroamphetamine"
115,NCCC(OC1=CC=C(C=C1)C(F)(F)F)C1=CC=CC=C1,NCCC(Oc1ccc(C(F)(F)F)cc1)c1ccccc1,"InChI=1S/C16H16F3NO/c17-16(18,19)13-6-8-14(9-7-13)21-15(10-11-20)12-4-2-1-3-5-12/h1-9,15H,10-11,20H2",WIQRCHMSJFFONW-UHFFFAOYSA-N,DTXSID80866540,DSSTox_Substance_Id,DTXSID80866540,Norfluoxetine
116,O.Cl.CN1CCN(CC2=CC(=CO2)C2=CC=C3N=C(O)OC3=C2)[C@H](C1)C1=CC=C(F)C=C1,CN1CCN(Cc2cc(-c3ccc4[nH]c(=O)oc4c3)co2)C(c2ccc(F)cc2)C1,"InChI=1S/C23H22FN3O3/c1-26-8-9-27(21(13-26)15-2-5-18(24)6-3-15)12-19-10-17(14-29-19)16-4-7-20-22(11-16)30-23(28)25-20/h2-7,10-11,14,21H,8-9,12-13H2,1H3,(H,25,28)",QCPQMQBXFGUSQZ-UHFFFAOYSA-N,DTXSID8047349,DSSTox_Substance_Id,DTXSID8047349,AVE8488
117,COC1=CC(N)=C(Cl)C=C1C(=O)NCC1CCN(CC[C@H](OC(N)=O)C2=CC=C(F)C=C2)CC1,COc1cc(N)c(Cl)cc1C(=O)NCC1CCN(CCC(OC(N)=O)c2ccc(F)cc2)CC1,"InChI=1S/C24H30ClFN4O4/c1-33-22-13-20(27)19(25)12-18(22)23(31)29-14-15-6-9-30(10-7-15)11-8-21(34-24(28)32)16-2-4-17(26)5-3-16/h2-5,12-13,15,21H,6-11,14,27H2,1H3,(H2,28,32)(H,29,31)",KGMMSPVVHZGPHL-UHFFFAOYSA-N,DTXSID50153530,DSSTox_Substance_Id,DTXSID50153530,(S)-(3-(4-(((4-Amino-5-chloro-2-methoxybenzoyl)amino)methyl)piperidin-1- yl)-1-(4-fluorophenyl)propyl) carbamate
118,FC1=C2CCCC2=C(OC[C@@H]2CNCCO2)C=C1,Fc1ccc(OCC2CNCCO2)c2c1CCC2,"InChI=1S/C14H18FNO2/c15-13-4-5-14(12-3-1-2-11(12)13)18-9-10-8-16-6-7-17-10/h4-5,10,16H,1-3,6-9H2",HTODIQZHVCHVGM-UHFFFAOYSA-N,DTXSID30167074,DSSTox_Substance_Id,DTXSID30167074,Lubazodone
119,FC1=CC=C(C=C1)N1CNC(=O)C11CCN(CCCC(=O)C2=CC=C(F)C=C2)CC1,O=C(CCCN1CCC2(CC1)C(=O)NCN2c1ccc(F)cc1)c1ccc(F)cc1,"InChI=1S/C23H25F2N3O2/c24-18-5-3-17(4-6-18)21(29)2-1-13-27-14-11-23(12-15-27)22(30)26-16-28(23)20-9-7-19(25)8-10-20/h3-10H,1-2,11-16H2,(H,26,30)",RIOZXKPJYKSKJV-UHFFFAOYSA-N,DTXSID20203495,DSSTox_Substance_Id,DTXSID20203495,Fluspiperone
120,COC1CCC(CC1)OC(=O)[C@@H]1C[C@H]2[C@@H](CC3=CN(C(C)C)C4=CC=CC2=C34)N(C)C1,COC1CCC(OC(=O)C2CC3c4cccc5c4c(cn5C(C)C)CC3N(C)C2)CC1,"InChI=1S/C26H36N2O3/c1-16(2)28-15-17-13-24-22(21-6-5-7-23(28)25(17)21)12-18(14-27(24)3)26(29)31-20-10-8-19(30-4)9-11-20/h5-7,15-16,18-20,22,24H,8-14H2,1-4H3",RJBJIKXTJIZONR-UHFFFAOYSA-N,DTXSID10148700,DSSTox_Substance_Id,DTXSID10148700,Sergolexole
121,Br.FC1=CC=C(C=C1)C(=O)CC1CCN(CC2CC2)CC1,O=C(CC1CCN(CC2CC2)CC1)c1ccc(F)cc1,"InChI=1S/C17H22FNO/c18-16-5-3-15(4-6-16)17(20)11-13-7-9-19(10-8-13)12-14-1-2-14/h3-6,13-14H,1-2,7-12H2",KWRMWQDKOGFMKP-UHFFFAOYSA-N,DTXSID40159263,DSSTox_Substance_Id,DTXSID40159263,DuP 734
122,CCN(CC)CCOC(=O)C(CC1CCCO1)CC1=CC=CC2=CC=CC=C12,CCN(CC)CCOC(=O)C(Cc1cccc2ccccc12)CC1CCCO1,"InChI=1S/C24H33NO3/c1-3-25(4-2)14-16-28-24(26)21(18-22-12-8-15-27-22)17-20-11-7-10-19-9-5-6-13-23(19)20/h5-7,9-11,13,21-22H,3-4,8,12,14-18H2,1-2H3",KBAFPSLPKGSANY-UHFFFAOYSA-N,DTXSID3023344,DSSTox_Substance_Id,DTXSID3023344,Nafronyl
123,CN(C)CC1=CC=C(CSCCNC2=NC(=O)C(CC3=CN=C(C)C=C3)=CN2)O1,Cc1ccc(Cc2c[nH]c(=NCCSCc3ccc(CN(C)C)o3)[nH]c2=O)cn1,"InChI=1S/C21H27N5O2S/c1-15-4-5-16(11-23-15)10-17-12-24-21(25-20(17)27)22-8-9-29-14-19-7-6-18(28-19)13-26(2)3/h4-7,11-12H,8-10,13-14H2,1-3H3,(H2,22,24,25,27)",IKEHSFKMCULMKJ-UHFFFAOYSA-N,DTXSID5043760,DSSTox_Substance_Id,DTXSID5043760,Lupitidine
124,C[C@@H](N)CC1=CC(=CC=C1)C(F)(F)F,CC(N)Cc1cccc(C(F)(F)F)c1,"InChI=1S/C10H12F3N/c1-7(14)5-8-3-2-4-9(6-8)10(11,12)13/h2-4,6-7H,5,14H2,1H3",MLBHFBKZUPLWBD-UHFFFAOYSA-N,DTXSID30862774,DSSTox_Substance_Id,DTXSID30862774,(S)-Norfenfluramine
125,Cl.NC1=C(Cl)C=C(C(=O)NC[C@@H]2CCCN2)C2=C1CCO2,Nc1c(Cl)cc(C(=O)NCC2CCCN2)c2c1CCO2,"InChI=1S/C14H18ClN3O2/c15-11-6-10(13-9(12(11)16)3-5-20-13)14(19)18-7-8-2-1-4-17-8/h6,8,17H,1-5,7,16H2,(H,18,19)",MPECLPSCJHXWNO-UHFFFAOYSA-N,DTXSID00154097,DSSTox_Substance_Id,DTXSID00154097,Adr 851
126,C(N1C2=CC=CC=C2N=C1N1CCNCC1)C1=CC=CC=C1,c1ccc(Cn2c(N3CCNCC3)nc3ccccc32)cc1,"InChI=1S/C18H20N4/c1-2-6-15(7-3-1)14-22-17-9-5-4-8-16(17)20-18(22)21-12-10-19-11-13-21/h1-9,19H,10-14H2",PWWDCRQZITYKDV-UHFFFAOYSA-N,DTXSID90162368,DSSTox_Substance_Id,DTXSID90162368,Lerisetron
127,CCN1CCN=C1CNC(=O)C1=CC(Cl)=C(N)C=C1OC,CCN1CCN=C1CNC(=O)c1cc(Cl)c(N)cc1OC,"InChI=1S/C14H19ClN4O2/c1-3-19-5-4-17-13(19)8-18-14(20)9-6-10(15)11(16)7-12(9)21-2/h6-7H,3-5,8,16H2,1-2H3,(H,18,20)",MJCKISCWHDATBN-UHFFFAOYSA-N,DTXSID70148049,DSSTox_Substance_Id,DTXSID70148049,Lintopride
128,Cl.Cl.CN1CCN(CC2=CC=CC(C)=C2)C[C@@H](C1)NC(=O)C1=NNC2=CC=CC=C12,Cc1cccc(CN2CCN(C)CC(NC(=O)c3[nH]nc4ccccc34)C2)c1,"InChI=1S/C22H27N5O/c1-16-6-5-7-17(12-16)13-27-11-10-26(2)14-18(15-27)23-22(28)21-19-8-3-4-9-20(19)24-25-21/h3-9,12,18H,10-11,13-15H2,1-2H3,(H,23,28)(H,24,25)",KDCVCMJTEQZMEL-UHFFFAOYSA-N,DTXSID50161534,DSSTox_Substance_Id,DTXSID50161534,Dat 582
129,Cl.C[C@H]1CNCCC2=C1C=C(Cl)C=C2,CC1CNCCc2ccc(Cl)cc21,"InChI=1S/C11H14ClN/c1-8-7-13-5-4-9-2-3-10(12)6-11(8)9/h2-3,6,8,13H,4-5,7H2,1H3",XTTZERNUQAFMOF-UHFFFAOYSA-N,DTXSID60233650,DSSTox_Substance_Id,DTXSID60233650,Lorcaserin hydrochloride
130,CC(OC1=NC(=CN=C1)N1CCNCC1)C1=CC(F)=CC=C1,CC(Oc1cncc(N2CCNCC2)n1)c1cccc(F)c1,"InChI=1S/C16H19FN4O/c1-12(13-3-2-4-14(17)9-13)22-16-11-19-10-15(20-16)21-7-5-18-6-8-21/h2-4,9-12,18H,5-8H2,1H3",VIVXNAQRWKTJPF-UHFFFAOYSA-N,DTXSID30431282,DSSTox_Substance_Id,DTXSID30431282,2-[1-(3-FLUOROPHENYL)ETHOXY]-6-(1-PIPERAZINYL)PYRAZINE
131,CN1[C@H]2CC[C@@H]1C[C@@H](C2)NC(=O)N1C(=O)NC2=CC=CC=C12,CN1C2CCC1CC(NC(=O)n1c(=O)[nH]c3ccccc31)C2,"InChI=1S/C16H20N4O2/c1-19-11-6-7-12(19)9-10(8-11)17-15(21)20-14-5-3-2-4-13(14)18-16(20)22/h2-5,10-12H,6-9H2,1H3,(H,17,21)(H,18,22)",RWXRJSRJIITQAK-UHFFFAOYSA-N,DTXSID9048803,DSSTox_Substance_Id,DTXSID9048803,Itasetron
132,Cl.O=C1N(C[C@H]2CCCC3=C2C1=CC=C3)[C@@H]1CN2CCC1CC2,O=C1c2cccc3c2C(CCC3)CN1C1CN2CCC1CC2,"InChI=1S/C19H24N2O/c22-19-16-6-2-4-14-3-1-5-15(18(14)16)11-21(19)17-12-20-9-7-13(17)8-10-20/h2,4,6,13,15,17H,1,3,5,7-12H2",CPZBLNMUGSZIPR-UHFFFAOYSA-N,DTXSID8046610,DSSTox_Substance_Id,DTXSID8046610,Palonosetron hydrochloride
133,OC(=O)\C=C/C(O)=O.CN1C2CC[C@@H]1C[C@@H](C2)NC(=O)C1=CC(Cl)=CC2=C1OC(C)(C)C2,CN1C2CCC1CC(NC(=O)c1cc(Cl)cc3c1OC(C)(C)C3)C2,"InChI=1S/C19H25ClN2O2/c1-19(2)10-11-6-12(20)7-16(17(11)24-19)18(23)21-13-8-14-4-5-15(9-13)22(14)3/h6-7,13-15H,4-5,8-10H2,1-3H3,(H,21,23)",SPKBYQZELVEOLL-UHFFFAOYSA-N,DTXSID1021459,DSSTox_Substance_Id,DTXSID1021459,Zatosetron maleate
134,CC1=CC2=C(N=C(N=C2S1)N1CCNCC1)C1=CC=CC=C1F,Cc1cc2c(-c3ccccc3F)nc(N3CCNCC3)nc2s1,"InChI=1S/C17H17FN4S/c1-11-10-13-15(12-4-2-3-5-14(12)18)20-17(21-16(13)23-11)22-8-6-19-7-9-22/h2-5,10,19H,6-9H2,1H3",FVIVKIGLBDRWNR-UHFFFAOYSA-N,DTXSID70159615,DSSTox_Substance_Id,DTXSID70159615,Mci 225
135,[Br-].[Br-].C[N+](C)(C)CCCCCC[N+](C)(C)C,C[N+](C)(C)CCCCCC[N+](C)(C)C,"InChI=1S/C12H30N2/c1-13(2,3)11-9-7-8-10-12-14(4,5)6/h7-12H2,1-6H3/q+2",VZJFGSRCJCXDSG-UHFFFAOYSA-N,DTXSID50883229,DSSTox_Substance_Id,DTXSID50883229,"1,6-Hexanediaminium, N,N,N,N',N',N'-hexamethyl-, dibromide"
136,Cl.[H]C12CCN(CC1)C[C@@H]2NC(=O)C1=CNC2=C(SC=C2)C1=O,O=C(NC1CN2CCC1CC2)c1c[nH]c2ccsc2c1=O,"InChI=1S/C15H17N3O2S/c19-13-10(7-16-11-3-6-21-14(11)13)15(20)17-12-8-18-4-1-9(12)2-5-18/h3,6-7,9,12H,1-2,4-5,8H2,(H,16,19)(H,17,20)",AFUWQWYPPZFWCO-UHFFFAOYSA-N,DTXSID00173026,DSSTox_Substance_Id,DTXSID00173026,Pumosetrag hydrochloride
137,NCCC1=CNC2=C1C=NC=C2,NCCc1c[nH]c2ccncc12,"InChI=1S/C9H11N3/c10-3-1-7-5-12-9-2-4-11-6-8(7)9/h2,4-6,12H,1,3,10H2",MPGWXKYGIDJLQT-UHFFFAOYSA-N,DTXSID60627398,DSSTox_Substance_Id,DTXSID60627398,"2-(1H-Pyrrolo[3,2-c]pyridin-3-yl)ethan-1-amine"
138,FC(F)(F)C1=CC2=C(NC(=O)C(=O)N2)C(Cl)=C1,O=c1[nH]c2cc(C(F)(F)F)cc(Cl)c2[nH]c1=O,"InChI=1S/C9H4ClF3N2O2/c10-4-1-3(9(11,12)13)2-5-6(4)15-8(17)7(16)14-5/h1-2H,(H,14,16)(H,15,17)",JDCKMCIQUXTYQI-UHFFFAOYSA-N,DTXSID00165345,DSSTox_Substance_Id,DTXSID00165345,Acea 1011
139,[Mg++].[O-]S([O-])(=O)=O,O=S(=O)(O)O,"InChI=1S/H2O4S/c1-5(2,3)4/h(H2,1,2,3,4)",QAOWNCQODCNURD-UHFFFAOYSA-N,DTXSID6042105,DSSTox_Substance_Id,DTXSID6042105,Magnesium sulfate anhydrous
140,OC(=O)C1CC(NC(O)=NC2=CC=CC=C2)C2=C(Cl)C=C(Cl)C=C2N1,O=C(Nc1ccccc1)NC1CC(C(=O)O)Nc2cc(Cl)cc(Cl)c21,"InChI=1S/C17H15Cl2N3O3/c18-9-6-11(19)15-12(7-9)21-14(16(23)24)8-13(15)22-17(25)20-10-4-2-1-3-5-10/h1-7,13-14,21H,8H2,(H,23,24)(H2,20,22,25)",UCKHICKHGAOGAP-UHFFFAOYSA-N,DTXSID90874898,DSSTox_Substance_Id,DTXSID90874898,"L-689,560"
141,O=C(C1NC1C1=CC=CC=C1)C1=CC=CC=C1,O=C(c1ccccc1)C1NC1c1ccccc1,"InChI=1S/C15H13NO/c17-15(12-9-5-2-6-10-12)14-13(16-14)11-7-3-1-4-8-11/h1-10,13-14,16H",SUHPZGRFOCEHTL-UHFFFAOYSA-N,DTXSID40304731,DSSTox_Substance_Id,DTXSID40304731,phenyl(3-phenylaziridin-2-yl)methanone
142,CC1(C)CC(C)(C)CC(C)(N)C1,CC1(C)CC(C)(C)CC(C)(N)C1,"InChI=1S/C11H23N/c1-9(2)6-10(3,4)8-11(5,12)7-9/h6-8,12H2,1-5H3",OGZQTTHDGQBLBT-UHFFFAOYSA-N,DTXSID40176399,DSSTox_Substance_Id,DTXSID40176399,Neramexane
143,CCOC(=O)CNC(=O)[C@@H]1CCCN1C(=O)CC1=CC=CC=C1,CCOC(=O)CNC(=O)C1CCCN1C(=O)Cc1ccccc1,"InChI=1S/C17H22N2O4/c1-2-23-16(21)12-18-17(22)14-9-6-10-19(14)15(20)11-13-7-4-3-5-8-13/h3-5,7-8,14H,2,6,9-12H2,1H3,(H,18,22)",PJNSMUBMSNAEEN-UHFFFAOYSA-N,DTXSID80166214,DSSTox_Substance_Id,DTXSID80166214,Noopept
144,[O-][N+](=O)C1CC2=C(NC1=O)C=C(Cl)C=C2,O=C1Nc2cc(Cl)ccc2CC1[N+](=O)[O-],"InChI=1S/C9H7ClN2O3/c10-6-2-1-5-3-8(12(14)15)9(13)11-7(5)4-6/h1-2,4,8H,3H2,(H,11,13)",JXGOSNKBNBJAGV-UHFFFAOYSA-N,DTXSID50436916,DSSTox_Substance_Id,DTXSID50436916,"7-Chloro-3-nitro-3,4-dihydroquinolin-2(1H)-one"
145,CC(CC1=CC=CC=C1)(NC(=O)CN)C1=CC=CC=C1,CC(Cc1ccccc1)(NC(=O)CN)c1ccccc1,"InChI=1S/C17H20N2O/c1-17(19-16(20)13-18,15-10-6-3-7-11-15)12-14-8-4-2-5-9-14/h2-11H,12-13,18H2,1H3,(H,19,20)",YSGASDXSLKIKOD-UHFFFAOYSA-N,DTXSID6048250,DSSTox_Substance_Id,DTXSID6048250,Remacemide
146,NC1(CC1)C(O)=O,NC1(C(=O)O)CC1,"InChI=1S/C4H7NO2/c5-4(1-2-4)3(6)7/h1-2,5H2,(H,6,7)",PAJPWUMXBYXFCZ-UHFFFAOYSA-N,DTXSID9039577,DSSTox_Substance_Id,DTXSID9039577,1-Aminocyclopropane-1-carboxylic acid
147,OP(O)(=O)CCN1CCCNC2=C1C(=O)C2=O,O=c1c2c(c1=O)N(CC[PH](=O)(=O)O)CCCN2,"InChI=1S/C9H12N2O5P/c12-8-6-7(9(8)13)11(3-1-2-10-6)4-5-17(14,15)16/h10H,1-5H2,(H,14,15,16)",ZAWKLRBELVMFSJ-UHFFFAOYSA-N,DTXSID70162846,DSSTox_Substance_Id,DTXSID70162846,Perzinfotel
148,CC(=O)OC1=CC2=C(C=C1)C(=O)C(OC1=CC=CC=C1[N+]([O-])=O)=CO2,CC(=O)Oc1ccc2c(=O)c(Oc3ccccc3[N+](=O)[O-])coc2c1,"InChI=1S/C17H11NO7/c1-10(19)24-11-6-7-12-15(8-11)23-9-16(17(12)20)25-14-5-3-2-4-13(14)18(21)22/h2-9H,1H3",RALBTYUFRQPFPB-UHFFFAOYSA-N,DTXSID90160445,DSSTox_Substance_Id,DTXSID90160445,"4H-1-Benzopyran-4-one, 7-(acetyloxy)-3-(2-nitrophenoxy)-"
149,CSC1=NC=C(C=N1)C1=CC=CC=C1,CSc1ncc(-c2ccccc2)cn1,"InChI=1S/C11H10N2S/c1-14-11-12-7-10(8-13-11)9-5-3-2-4-6-9/h2-8H,1H3",XWLUWHOSZCALLD-UHFFFAOYSA-N,DTXSID10346007,DSSTox_Substance_Id,DTXSID10346007,2-(Methylsulfanyl)-5-phenylpyrimidine
150,OC1(N(C(=O)C2=CC=CC=C12)C1=CC=NC=C1)C1=CC=CC=C1,O=C1c2ccccc2C(O)(c2ccccc2)N1c1ccncc1,"InChI=1S/C19H14N2O2/c22-18-16-8-4-5-9-17(16)19(23,14-6-2-1-3-7-14)21(18)15-10-12-20-13-11-15/h1-13,23H",QCTWLWAZPOQXEK-UHFFFAOYSA-N,DTXSID60290546,DSSTox_Substance_Id,DTXSID60290546,MLS000736762
151,CCOC1=CC=C(C=C1)S(=O)(=O)N1C=C(F)C(=O)NC1=O,CCOc1ccc(S(=O)(=O)n2cc(F)c(=O)[nH]c2=O)cc1,"InChI=1S/C12H11FN2O5S/c1-2-20-8-3-5-9(6-4-8)21(18,19)15-7-10(13)11(16)14-12(15)17/h3-7H,2H2,1H3,(H,14,16,17)",JYXNKDQEQDBBMR-UHFFFAOYSA-N,DTXSID10147117,DSSTox_Substance_Id,DTXSID10147117,"Uracil, N-((p-ethoxyphenyl)sulfonyl)-5-fluoro-"
152,NC1=CC=CC(=C1)C1=CN2C=CSC2=N1,Nc1cccc(-c2cn3ccsc3n2)c1,"InChI=1S/C11H9N3S/c12-9-3-1-2-8(6-9)10-7-14-4-5-15-11(14)13-10/h1-7H,12H2",ASXLSRKDSOSGQE-UHFFFAOYSA-N,DTXSID90391358,DSSTox_Substance_Id,DTXSID90391358,"3-imidazo[2,1-b][1,3]thiazol-6-ylaniline"
153,CC1=CC=CC2=CC3=CC=CC=C3N=C12,Cc1cccc2cc3ccccc3nc12,"InChI=1S/C14H11N/c1-10-5-4-7-12-9-11-6-2-3-8-13(11)15-14(10)12/h2-9H,1H3",SKLZCRNUJKGGRW-UHFFFAOYSA-N,DTXSID10209860,DSSTox_Substance_Id,DTXSID10209860,"Acridine, 4-methyl-"
154,Cl.CNCC(=O)C1=CC=CC=C1,CNCC(=O)c1ccccc1,"InChI=1S/C9H11NO/c1-10-7-9(11)8-5-3-2-4-6-8/h2-6,10H,7H2,1H3",VVFCJVLORNFVHI-UHFFFAOYSA-N,DTXSID60481937,DSSTox_Substance_Id,DTXSID60481937,2-METHYLAMINO-1-PHENYL-ETHANONE HYDROCHLORIDE
155,OC1=C(Cl)C2=C(N=CC=C2)C(Cl)=C1Cl,Oc1c(Cl)c(Cl)c2ncccc2c1Cl,"InChI=1S/C9H4Cl3NO/c10-5-4-2-1-3-13-8(4)6(11)7(12)9(5)14/h1-3,14H",NAFWQMIYDYUBIX-UHFFFAOYSA-N,DTXSID30279565,DSSTox_Substance_Id,DTXSID30279565,"5,7,8-trichloroquinolin-6-ol"
156,COC1=CC=CC=C1CC1=NC2=CC=CC=C2NC1=O,COc1ccccc1Cc1nc2ccccc2[nH]c1=O,"InChI=1S/C16H14N2O2/c1-20-15-9-5-2-6-11(15)10-14-16(19)18-13-8-4-3-7-12(13)17-14/h2-9H,10H2,1H3,(H,18,19)",FXBKTHIASNACLB-UHFFFAOYSA-N,DTXSID10403169,DSSTox_Substance_Id,DTXSID10403169,AC1NAGD8
157,CC1=NC2=NN=NN2C(C)=C1,Cc1cc(C)n2nnnc2n1,"InChI=1S/C6H7N5/c1-4-3-5(2)11-6(7-4)8-9-10-11/h3H,1-2H3",PVVGAZYPSGZTKH-UHFFFAOYSA-N,DTXSID10281646,DSSTox_Substance_Id,DTXSID10281646,"5,7-Dimethyltetrazolo[1,5-a]pyrimidine"
158,CC[C@H](C)[C@H](NC(=O)[C@H](CCC(N)=O)NC(=O)[C@H](C)NC(=O)[C@H](CCC(N)=O)NC(=O)[C@H](CCC(O)=O)NC(=O)[C@H](CC(C)C)NC(=O)[C@H](CC(C)C)NC(=O)[C@H](C)NC(=O)[C@@H](NC(=O)[C@@H](NC(=O)[C@H](CCCCN)NC(=O)[C@H](CCC(N)=O)NC(=O)[C@H](CCC(O)=O)NC(=O)[C@H](CC1=CNC2=CC=CC=C12)NC(=O)[C@H](CCC(O)=O)NC(=O)[C@H](CCC(N)=O)NC(=O)[C@H](CC1=CNC2=CC=CC=C12)NC(C)=O)[C@@H](C)CC)[C@@H](C)O)C(=O)N[C@@H](CCC(N)=O)C(=O)N[C@@H](CCC(N)=O)C(=O)N[C@@H](CCC(O)=O)C(=O)N[C@@H](CCCCN)C(=O)N[C@@H](CC(N)=O)C(=O)N[C@@H](CCC(O)=O)C(=O)N[C@@H](CC1=CC=C(O)C=C1)C(=O)N[C@@H](CCC(O)=O)C(=O)N[C@@H](CC(C)C)C(=O)N[C@@H](CCC(N)=O)C(=O)N[C@@H](CCCCN)C(=O)N[C@@H](CC(C)C)C(=O)N[C@@H](CC(O)=O)C(=O)N[C@@H](CCCCN)C(=O)N[C@@H](CC1=CNC2=CC=CC=C12)C(=O)N[C@@H](C)C(=O)N[C@@H](CO)C(=O)N[C@@H](CC(C)C)C(=O)N[C@@H](CC1=CNC2=CC=CC=C12)C(=O)N[C@@H](CCC(O)=O)C(=O)N[C@@H](CC1=CNC2=CC=CC=C12)C(=O)N[C@@H](CC1=CC=CC=C1)C(N)=O,CCC(C)C(NC(=O)C(CCC(N)=O)NC(=O)C(C)NC(=O)C(CCC(N)=O)NC(=O)C(CCC(=O)O)NC(=O)C(CC(C)C)NC(=O)C(CC(C)C)NC(=O)C(C)NC(=O)C(NC(=O)C(NC(=O)C(CCCCN)NC(=O)C(CCC(N)=O)NC(=O)C(CCC(=O)O)NC(=O)C(Cc1c[nH]c2ccccc12)NC(=O)C(CCC(=O)O)NC(=O)C(CCC(N)=O)NC(=O)C(Cc1c[nH]c2ccccc12)NC(C)=O)C(C)CC)C(C)O)C(=O)NC(CCC(N)=O)C(=O)NC(CCC(N)=O)C(=O)NC(CCC(=O)O)C(=O)NC(CCCCN)C(=O)NC(CC(N)=O)C(=O)NC(CCC(=O)O)C(=O)NC(Cc1ccc(O)cc1)C(=O)NC(CCC(=O)O)C(=O)NC(CC(C)C)C(=O)NC(CCC(N)=O)C(=O)NC(CCCCN)C(=O)NC(CC(C)C)C(=O)NC(CC(=O)O)C(=O)NC(CCCCN)C(=O)NC(Cc1c[nH]c2ccccc12)C(=O)NC(C)C(=O)NC(CO)C(=O)NC(CC(C)C)C(=O)NC(Cc1c[nH]c2ccccc12)C(=O)NC(CCC(=O)O)C(=O)NC(Cc1c[nH]c2ccccc12)C(=O)NC(Cc1ccccc1)C(N)=O,"InChI=1S/C235H341N57O67/c1-20-120(13)194(290-218(342)155(69-83-184(246)303)258-198(322)122(15)254-201(325)149(63-77-178(240)297)263-211(335)157(71-85-187(307)308)270-221(345)166(97-117(7)8)280-222(346)164(95-115(3)4)277-199(323)124(17)256-235(359)196(125(18)294)292-234(358)195(121(14)21-2)291-217(341)148(58-38-42-94-239)261-205(329)150(64-78-179(241)298)265-212(336)158(72-86-188(309)310)272-227(351)172(104-131-111-251-142-52-32-27-47-137(131)142)284-215(339)159(73-87-189(311)312)267-208(332)153(67-81-182(244)301)269-226(350)170(257-126(19)295)102-129-109-249-140-50-30-25-45-135(129)140)233(357)275-154(68-82-183(245)302)209(333)264-151(65-79-180(242)299)207(331)266-156(70-84-186(305)306)210(334)260-146(56-36-40-92-237)204(328)287-175(107-185(247)304)230(354)274-161(75-89-191(315)316)214(338)282-169(101-128-59-61-134(296)62-60-128)225(349)271-160(74-88-190(313)314)213(337)279-165(96-116(5)6)220(344)268-152(66-80-181(243)300)206(330)259-145(55-35-39-91-236)202(326)278-167(98-118(9)10)224(348)288-176(108-193(319)320)231(355)262-147(57-37-41-93-238)203(327)283-171(103-130-110-250-141-51-31-26-46-136(130)141)219(343)255-123(16)200(324)289-177(114-293)232(356)281-168(99-119(11)12)223(347)286-173(105-132-112-252-143-53-33-28-48-138(132)143)228(352)273-162(76-90-192(317)318)216(340)285-174(106-133-113-253-144-54-34-29-49-139(133)144)229(353)276-163(197(248)321)100-127-43-23-22-24-44-127/h22-34,43-54,59-62,109-113,115-125,145-177,194-196,249-253,293-294,296H,20-21,35-42,55-58,63-108,114,236-239H2,1-19H3,(H2,240,297)(H2,241,298)(H2,242,299)(H2,243,300)(H2,244,301)(H2,245,302)(H2,246,303)(H2,247,304)(H2,248,321)(H,254,325)(H,255,343)(H,256,359)(H,257,295)(H,258,322)(H,259,330)(H,260,334)(H,261,329)(H,262,355)(H,263,335)(H,264,333)(H,265,336)(H,266,331)(H,267,332)(H,268,344)(H,269,350)(H,270,345)(H,271,349)(H,272,351)(H,273,352)(H,274,354)(H,275,357)(H,276,353)(H,277,323)(H,278,326)(H,279,337)(H,280,346)(H,281,356)(H,282,338)(H,283,327)(H,284,339)(H,285,340)(H,286,347)(H,287,328)(H,288,348)(H,289,324)(H,290,342)(H,291,341)(H,292,358)(H,305,306)(H,307,308)(H,309,310)(H,311,312)(H,313,314)(H,315,316)(H,317,318)(H,319,320)",ZFEAMMNVDPDEGE-UHFFFAOYSA-N,DTXSID70179833,DSSTox_Substance_Id,DTXSID70179833,Tifuvirtide
159,O[As](=O)=O,O=[As+]([O-])O,"InChI=1S/AsHO3/c2-1(3)4/h(H,2,3,4)",VOTFXKJPNQELOG-UHFFFAOYSA-N,DTXSID80883090,DSSTox_Substance_Id,DTXSID80883090,Arsenenic acid
160,[Na+].CC(C)C1=CC=CC(C(C)C)=C1NC(=O)[N-]S(=O)(=O)C1=CC(=CO1)C(C)(C)O,CC(C)c1cccc(C(C)C)c1NC(=O)NS(=O)(=O)c1cc(C(C)(C)O)co1,"InChI=1S/C20H28N2O5S/c1-12(2)15-8-7-9-16(13(3)4)18(15)21-19(23)22-28(25,26)17-10-14(11-27-17)20(5,6)24/h7-13,24H,1-6H3,(H2,21,22,23)",MRKXXRUHPFFURP-UHFFFAOYSA-N,DTXSID9047255,DSSTox_Substance_Id,DTXSID9047255,CP-465394
161,CN(C(=O)C1=C(O)C2=C(C=CC=C2)N(C)C1=O)C1=CC=CC=C1,CN(C(=O)c1c(O)c2ccccc2n(C)c1=O)c1ccccc1,"InChI=1S/C18H16N2O3/c1-19(12-8-4-3-5-9-12)17(22)15-16(21)13-10-6-7-11-14(13)20(2)18(15)23/h3-11,21H,1-2H3",SGOOQMRIPALTEL-UHFFFAOYSA-N,DTXSID4045680,DSSTox_Substance_Id,DTXSID4045680,Roquinimex
162,N[C@H]1CC(=C)C[C@H]1C(O)=O,C=C1CC(N)C(C(=O)O)C1,"InChI=1S/C7H11NO2/c1-4-2-5(7(9)10)6(8)3-4/h5-6H,1-3,8H2,(H,9,10)",RKOUGZGFAYMUIO-UHFFFAOYSA-N,DTXSID90173515,DSSTox_Substance_Id,DTXSID90173515,Icofungipen
163,C(CCOCC1CO1)COCC1CO1,C(CCOCC1CO1)COCC1CO1,"InChI=1S/C10H18O4/c1(3-11-5-9-7-13-9)2-4-12-6-10-8-14-10/h9-10H,1-8H2",SHKUUQIDMUMQQK-UHFFFAOYSA-N,DTXSID7024667,DSSTox_Substance_Id,DTXSID7024667,"1,4-Butanediol diglycidyl ether"
164,NC1=C(Cl)C=CC(Cl)=C1,Nc1cc(Cl)ccc1Cl,"InChI=1S/C6H5Cl2N/c7-4-1-2-5(8)6(9)3-4/h1-3H,9H2",AVYGCQXNNJPXSS-UHFFFAOYSA-N,DTXSID6024967,DSSTox_Substance_Id,DTXSID6024967,"2,5-Dichloroaniline"
165,CCNC1=CC=CC=C1,CCNc1ccccc1,"InChI=1S/C8H11N/c1-2-9-8-6-4-3-5-7-8/h3-7,9H,2H2,1H3",OJGMBLNIHDZDGS-UHFFFAOYSA-N,DTXSID1025271,DSSTox_Substance_Id,DTXSID1025271,N-Ethylaniline
166,OC(=O)C1=CC=CC=C1[N+]([O-])=O,O=C(O)c1ccccc1[N+](=O)[O-],"InChI=1S/C7H5NO4/c9-7(10)5-3-1-2-4-6(5)8(11)12/h1-4H,(H,9,10)",SLAMLWHELXOEJZ-UHFFFAOYSA-N,DTXSID5025738,DSSTox_Substance_Id,DTXSID5025738,2-Nitrobenzoic acid
167,CCCC=C,C=CCCC,"InChI=1S/C5H10/c1-3-5-4-2/h3H,1,4-5H2,2H3",YWAKXRMUMFPDSH-UHFFFAOYSA-N,DTXSID7025849,DSSTox_Substance_Id,DTXSID7025849,1-Pentene
168,[O-][N+](=O)C1=CC=CC(CCl)=C1,O=[N+]([O-])c1cccc(CCl)c1,"InChI=1S/C7H6ClNO2/c8-5-6-2-1-3-7(4-6)9(10)11/h1-4H,5H2",APGGSERFJKEWFG-UHFFFAOYSA-N,DTXSID4025743,DSSTox_Substance_Id,DTXSID4025743,3-Nitrobenzyl chloride
169,ClC1=NC=CC=C1,Clc1ccccn1,InChI=1S/C5H4ClN/c6-5-3-1-2-4-7-5/h1-4H,OKDGRDCXVWSXDC-UHFFFAOYSA-N,DTXSID8024810,DSSTox_Substance_Id,DTXSID8024810,2-Chloropyridine
170,CC(=O)NC1=CC=C(N)C=C1,CC(=O)Nc1ccc(N)cc1,"InChI=1S/C8H10N2O/c1-6(11)10-8-4-2-7(9)3-5-8/h2-5H,9H2,1H3,(H,10,11)",CHMBIJAOCISYEW-UHFFFAOYSA-N,DTXSID7024455,DSSTox_Substance_Id,DTXSID7024455,4-Aminoacetanilide
171,CCC(C)(OO)OOC(C)(CC)OO,CCC(C)(OO)OOC(C)(CC)OO,"InChI=1S/C8H18O6/c1-5-7(3,11-9)13-14-8(4,6-2)12-10/h9-10H,5-6H2,1-4H3",WFUGQJXVXHBTEM-UHFFFAOYSA-N,DTXSID1024671,DSSTox_Substance_Id,DTXSID1024671,2-Butanone peroxide
172,CC1=CC=C(C)O1,Cc1ccc(C)o1,"InChI=1S/C6H8O/c1-5-3-4-6(2)7-5/h3-4H,1-2H3",GSNUFIFRDBKVIE-UHFFFAOYSA-N,DTXSID7022093,DSSTox_Substance_Id,DTXSID7022093,"2,5-Dimethylfuran"
173,C1OCOCO1,C1OCOCO1,InChI=1S/C3H6O3/c1-4-2-6-3-5-1/h1-3H2,BGJSXRVXTHVRSN-UHFFFAOYSA-N,DTXSID4021925,DSSTox_Substance_Id,DTXSID4021925,"1,3,5-Trioxane"
174,CCN(N=O)C(N)=O,CCN(N=O)C(N)=O,"InChI=1S/C3H7N3O2/c1-2-6(5-8)3(4)7/h2H2,1H3,(H2,4,7)",FUSGACRLAFQQRL-UHFFFAOYSA-N,DTXSID8020593,DSSTox_Substance_Id,DTXSID8020593,1-Ethyl-1-nitrosourea
175,CC1=C(C=C(C=C1)[N+]([O-])=O)[N+]([O-])=O,Cc1ccc([N+](=O)[O-])cc1[N+](=O)[O-],"InChI=1S/C7H6N2O4/c1-5-2-3-6(8(10)11)4-7(5)9(12)13/h2-4H,1H3",RMBFBMJGBANMMK-UHFFFAOYSA-N,DTXSID0020529,DSSTox_Substance_Id,DTXSID0020529,"2,4-Dinitrotoluene"
176,CCOS(C)(=O)=O,CCOS(C)(=O)=O,"InChI=1S/C3H8O3S/c1-3-6-7(2,4)5/h3H2,1-2H3",PLUBXMRUUVWRLT-UHFFFAOYSA-N,DTXSID6025309,DSSTox_Substance_Id,DTXSID6025309,Ethyl methanesulfonate
177,CCOC(C)OCC,CCOC(C)OCC,"InChI=1S/C6H14O2/c1-4-7-6(3)8-5-2/h6H,4-5H2,1-3H3",DHKHKXVYLBGOIT-UHFFFAOYSA-N,DTXSID6030607,DSSTox_Substance_Id,DTXSID6030607,Acetal
178,COC(=O)CCCC(=O)OC,COC(=O)CCCC(=O)OC,"InChI=1S/C7H12O4/c1-10-6(8)4-3-5-7(9)11-2/h3-5H2,1-2H3",XTDYIOOONNVFMA-UHFFFAOYSA-N,DTXSID3025122,DSSTox_Substance_Id,DTXSID3025122,Dimethyl glutarate
179,NCCCC[C@H](N)C(O)=O.CC(C)CC1=CC=C(C=C1)[C@@H](C)C(=O)NS(C)(=O)=O,CC(C)Cc1ccc(C(C)C(=O)NS(C)(=O)=O)cc1,"InChI=1S/C14H21NO3S/c1-10(2)9-12-5-7-13(8-6-12)11(3)14(16)15-19(4,17)18/h5-8,10-11H,9H2,1-4H3,(H,15,16)",KQDRVXQXKZXMHP-UHFFFAOYSA-N,DTXSID80433019,DSSTox_Substance_Id,DTXSID80433019,Reparixin L-lysine salt
180,BrC1=CC=CC=C1NC(=O)NC1=CC=C(C#N)C2=NNN=C12,N#Cc1ccc(NC(=O)Nc2ccccc2Br)c2[nH]nnc12,"InChI=1S/C14H9BrN6O/c15-9-3-1-2-4-10(9)17-14(22)18-11-6-5-8(7-16)12-13(11)20-21-19-12/h1-6H,(H2,17,18,22)(H,19,20,21)",SEDUMQWZEOMXSO-UHFFFAOYSA-N,DTXSID10175339,DSSTox_Substance_Id,DTXSID10175339,SB-265610
181,CN1C=C(NC(=O)C2=CC(NC(=O)C3=CC(NC(=O)C4=CC=C(C=C4)N(CCCl)CCCl)=CN3C)=CN2C)C=C1C(=O)NCCC(N)=N,Cn1cc(NC(=O)c2cc(NC(=O)c3cc(NC(=O)c4ccc(N(CCCl)CCCl)cc4)cn3C)cn2C)cc1C(=O)NCCC(=N)N,"InChI=1S/C32H38Cl2N10O4/c1-41-18-22(14-25(41)30(46)37-11-8-28(35)36)39-32(48)27-16-23(19-43(27)3)40-31(47)26-15-21(17-42(26)2)38-29(45)20-4-6-24(7-5-20)44(12-9-33)13-10-34/h4-7,14-19H,8-13H2,1-3H3,(H3,35,36)(H,37,46)(H,38,45)(H,39,48)(H,40,47)",ARKYUICTMUZVEW-UHFFFAOYSA-N,DTXSID40151045,DSSTox_Substance_Id,DTXSID40151045,Tallimustine
182,CCCCCCCCCCCCCCCCOC1=NC2=C(C=C(C)C=C2)C(=O)O1,CCCCCCCCCCCCCCCCOc1nc2ccc(C)cc2c(=O)o1,"InChI=1S/C25H39NO3/c1-3-4-5-6-7-8-9-10-11-12-13-14-15-16-19-28-25-26-23-18-17-21(2)20-22(23)24(27)29-25/h17-18,20H,3-16,19H2,1-2H3",MVCQKIKWYUURMU-UHFFFAOYSA-N,DTXSID90182506,DSSTox_Substance_Id,DTXSID90182506,Cetilistat
183,O=C1NC(=O)C(CCOC2=CC=C(C=C2)C#N)S1,N#Cc1ccc(OCCc2sc(=O)[nH]c2O)cc1,"InChI=1S/C12H10N2O3S/c13-7-8-1-3-9(4-2-8)17-6-5-10-11(15)14-12(16)18-10/h1-4,15H,5-6H2,(H,14,16)",WJSRFSQJSJARJP-UHFFFAOYSA-N,DTXSID50431385,DSSTox_Substance_Id,DTXSID50431385,"Benzonitrile, 4-[2-(2,4-dioxo-5-thiazolidinyl)ethoxy]-"
184,O=C1NC(=O)C2(N1)C1=CC=CC=C1C1=CC=CC=C21,O=C1NC(=O)C2(N1)c1ccccc1-c1ccccc12,"InChI=1S/C15H10N2O2/c18-13-15(17-14(19)16-13)11-7-3-1-5-9(11)10-6-2-4-8-12(10)15/h1-8H,(H2,16,17,18,19)",SCDXMQOKVWBFBD-UHFFFAOYSA-N,DTXSID10283963,DSSTox_Substance_Id,DTXSID10283963,"spiro[9h-fluorene-9,4'-imidazolidine]-2',5'-dione"
185,COC1=CC=C(C=C1)C(=O)CC[C@@H](NC(=O)[C@H](CCCNC(N)=N)NC(=O)[C@H](CO)NC(=O)[C@@H](CC1=CN=CC=C1)NC(=O)[C@@H](CC1=CC=C(Cl)C=C1)NC(=O)[C@@H](CC1=CC2=CC=CC=C2C=C1)NC(C)=O)C(=O)N[C@@H](CC(C)C)C(=O)N[C@@H](CCCNC(N)=N)C(=O)N1CCC[C@H]1C(=O)N[C@H](C)C(N)=O,COc1ccc(C(=O)CCC(NC(=O)C(CCCN=C(N)N)NC(=O)C(CO)NC(=O)C(Cc2cccnc2)NC(=O)C(Cc2ccc(Cl)cc2)NC(=O)C(Cc2ccc3ccccc3c2)NC(C)=O)C(=O)NC(CC(C)C)C(=O)NC(CCCN=C(N)N)C(=O)N2CCCC2C(=O)NC(C)C(N)=O)cc1,"InChI=1S/C73H97ClN18O14/c1-41(2)34-55(65(99)87-54(16-10-32-82-73(78)79)71(105)92-33-11-17-60(92)70(104)83-42(3)62(75)96)88-64(98)53(28-29-61(95)48-22-26-51(106-5)27-23-48)86-63(97)52(15-9-31-81-72(76)77)85-69(103)59(40-93)91-68(102)58(38-46-12-8-30-80-39-46)90-67(101)57(36-44-19-24-50(74)25-20-44)89-66(100)56(84-43(4)94)37-45-18-21-47-13-6-7-14-49(47)35-45/h6-8,12-14,18-27,30,35,39,41-42,52-60,93H,9-11,15-17,28-29,31-34,36-38,40H2,1-5H3,(H2,75,96)(H,83,104)(H,84,94)(H,85,103)(H,86,97)(H,87,99)(H,88,98)(H,89,100)(H,90,101)(H,91,102)(H4,76,77,81)(H4,78,79,82)",UFOMLGCSEHLELA-UHFFFAOYSA-N,DTXSID60146034,DSSTox_Substance_Id,DTXSID60146034,ORF 21243
186,CC1=NC=C(C=N1)[C@@H](CCCCCCC1=NC2=C(CCCN2)C=C1)CC(O)=O,Cc1ncc(C(CCCCCCc2ccc3c(n2)NCCC3)CC(=O)O)cn1,"InChI=1S/C22H30N4O2/c1-16-24-14-19(15-25-16)18(13-21(27)28)7-4-2-3-5-9-20-11-10-17-8-6-12-23-22(17)26-20/h10-11,14-15,18H,2-9,12-13H2,1H3,(H,23,26)(H,27,28)",NJDBZBVQIMZWPP-UHFFFAOYSA-N,DTXSID4047333,DSSTox_Substance_Id,DTXSID4047333,PharmaGSID_47333
187,COC(=O)C[C@@H]1C[C@@H](COC2=CC=C(C=C2)C2=CC=C(C=C2)C(\N)=N\C(=O)OC)NC1=O,COC(=O)CC1CC(COc2ccc(-c3ccc(C(=N)NC(=O)OC)cc3)cc2)NC1=O,"InChI=1S/C23H25N3O6/c1-30-20(27)12-17-11-18(25-22(17)28)13-32-19-9-7-15(8-10-19)14-3-5-16(6-4-14)21(24)26-23(29)31-2/h3-10,17-18H,11-13H2,1-2H3,(H,25,28)(H2,24,26,29)",PGCFXITVMNNKON-UHFFFAOYSA-N,DTXSID80164331,DSSTox_Substance_Id,DTXSID80164331,Lefradafiban
188,CC(C)[C@H](NC(=O)[C@H](CC(O)=O)NC(=O)CCCOC1=CC=C(C=C1)C(N)=N)C(=O)N1CCS(=O)(=O)CC1,CC(C)C(NC(=O)C(CC(=O)O)NC(=O)CCCOc1ccc(C(=N)N)cc1)C(=O)N1CCS(=O)(=O)CC1,"InChI=1S/C24H35N5O8S/c1-15(2)21(24(34)29-9-12-38(35,36)13-10-29)28-23(33)18(14-20(31)32)27-19(30)4-3-11-37-17-7-5-16(6-8-17)22(25)26/h5-8,15,18,21H,3-4,9-14H2,1-2H3,(H3,25,26)(H,27,30)(H,28,33)(H,31,32)",FPOQHPVEVPIFME-UHFFFAOYSA-N,DTXSID70166804,DSSTox_Substance_Id,DTXSID70166804,FR 158999
189,OC(=O)CC(O)(CC(O)=O)C(O)=O.C[C@@H]1CCN(C[C@@H]1N(C)C1=NC=NC2=C1C=CN2)C(=O)CC#N,CC1CCN(C(=O)CC#N)CC1N(C)c1ncnc2[nH]ccc12,"InChI=1S/C16H20N6O/c1-11-5-8-22(14(23)3-6-17)9-13(11)21(2)16-12-4-7-18-15(12)19-10-20-16/h4,7,10-11,13H,3,5,8-9H2,1-2H3,(H,18,19,20)",UJLAWZDWDVHWOW-UHFFFAOYSA-N,DTXSID80202404,DSSTox_Substance_Id,DTXSID80202404,Tofacitinib citrate
190,CCN(CC)C(=O)CNC(=O)C1=CC(OC)=C(OC)C(OC)=C1,CCN(CC)C(=O)CNC(=O)c1cc(OC)c(OC)c(OC)c1,"InChI=1S/C16H24N2O5/c1-6-18(7-2)14(19)10-17-16(20)11-8-12(21-3)15(23-5)13(9-11)22-4/h8-9H,6-7,10H2,1-5H3,(H,17,20)",NLRFFZRHTICQBO-UHFFFAOYSA-N,DTXSID10189835,DSSTox_Substance_Id,DTXSID10189835,Tricetamide
191,CC1=CC(NC2=NC(=NC3=CC=CC=C23)[C@@H](O)C2=CC=C(F)C=C2)=NN1,Cc1cc(=Nc2nc(C(O)c3ccc(F)cc3)nc3ccccc23)[nH][nH]1,"InChI=1S/C19H16FN5O/c1-11-10-16(25-24-11)22-18-14-4-2-3-5-15(14)21-19(23-18)17(26)12-6-8-13(20)9-7-12/h2-10,17,26H,1H3,(H2,21,22,23,24,25)",DCRWIATZWHLIPN-UHFFFAOYSA-N,DTXSID70159695,DSSTox_Substance_Id,DTXSID70159695,AC-430
192,COC1=CC(C=O)=CC2=C1C(COC(N)=O)C1(OC(C)=O)ON2CC2C1N2C(C)=O,COc1cc(C=O)cc2c1C(COC(N)=O)C1(OC(C)=O)ON2CC2C1N2C(C)=O,"InChI=1S/C19H21N3O8/c1-9(24)22-14-6-21-13-4-11(7-23)5-15(27-3)16(13)12(8-28-18(20)26)19(30-21,17(14)22)29-10(2)25/h4-5,7,12,14,17H,6,8H2,1-3H3,(H2,20,26)",BUZDGGFWWPZBIN-UHFFFAOYSA-N,DTXSID10858817,DSSTox_Substance_Id,DTXSID10858817,FK 317
193,Cl.NC(N)=N,N=C(N)N,"InChI=1S/CH5N3/c2-1(3)4/h(H5,2,3,4)",ZRALSGWEFCBTJO-UHFFFAOYSA-N,DTXSID7058757,DSSTox_Substance_Id,DTXSID7058757,Guanidine monohydrochloride
194,CN1CCN(CCCCN2C(=O)CN(N=CC3=CC=C(O3)C3=CC=C(Cl)C=C3)C2=O)CC1,CN1CCN(CCCCn2c(O)cn(N=Cc3ccc(-c4ccc(Cl)cc4)o3)c2=O)CC1,"InChI=1S/C23H28ClN5O3/c1-26-12-14-27(15-13-26)10-2-3-11-28-22(30)17-29(23(28)31)25-16-20-8-9-21(32-20)18-4-6-19(24)7-5-18/h4-9,16-17,30H,2-3,10-15H2,1H3",AFGPVGJVUMWQDE-UHFFFAOYSA-N,DTXSID10869988,DSSTox_Substance_Id,DTXSID10869988,Azimilide
195,[Na+],[Na+],InChI=1S/Na/q+1,FKNQFGJONOIPTF-UHFFFAOYSA-N,DTXSID8037671,DSSTox_Substance_Id,DTXSID8037671,Sodium ion
196,Br.CCCN(CCC)CCC1=CC(O)=C(O)C=C1,CCCN(CCC)CCc1ccc(O)c(O)c1,"InChI=1S/C14H23NO2/c1-3-8-15(9-4-2)10-7-12-5-6-13(16)14(17)11-12/h5-6,11,16-17H,3-4,7-10H2,1-2H3",LMYSNFBROWBKMB-UHFFFAOYSA-N,DTXSID20474683,DSSTox_Substance_Id,DTXSID20474683,Dipropyldopamine hydrobromide
197,Cl.NCCCCNS(=O)(=O)C1=CC=CC2=C1C=CC=C2Cl,NCCCCNS(=O)(=O)c1cccc2c(Cl)cccc12,"InChI=1S/C14H17ClN2O2S/c15-13-7-3-6-12-11(13)5-4-8-14(12)20(18,19)17-10-2-1-9-16/h3-8,17H,1-2,9-10,16H2",OZDWAHBMLHXZTI-UHFFFAOYSA-N,DTXSID10432393,DSSTox_Substance_Id,DTXSID10432393,N-(4-Aminobutyl)-5-chloronaphthalene-1-sulfonamide--hydrogen chloride (1/1)
198,COC1=CC=C(C=C1)C1N(C)C2=CC=CC=C2N1C,COc1ccc(C2N(C)c3ccccc3N2C)cc1,"InChI=1S/C16H18N2O/c1-17-14-6-4-5-7-15(14)18(2)16(17)12-8-10-13(19-3)11-9-12/h4-11,16H,1-3H3",RLHOTVBWJJMTKC-UHFFFAOYSA-N,DTXSID50353932,DSSTox_Substance_Id,DTXSID50353932,"1H-Benzimidazole, 2,3-dihydro-2-(4-methoxyphenyl)-1,3-dimethyl-"
199,CN(C)C1=CC=C(C=C1)C1=NC2=C(N1)C=C(N)C=C2,CN(C)c1ccc(-c2nc3cc(N)ccc3[nH]2)cc1,"InChI=1S/C15H16N4/c1-19(2)12-6-3-10(4-7-12)15-17-13-8-5-11(16)9-14(13)18-15/h3-9H,16H2,1-2H3,(H,17,18)",MYBHZNWJSKGXNY-UHFFFAOYSA-N,DTXSID00354090,DSSTox_Substance_Id,DTXSID00354090,TCMDC-123859
200,CC(O)=O.FC(F)(F)COC1=CC(C(=O)NCC2CCCCN2)=C(OCC(F)(F)F)C=C1,O=C(NCC1CCCCN1)c1cc(OCC(F)(F)F)ccc1OCC(F)(F)F,"InChI=1S/C17H20F6N2O3/c18-16(19,20)9-27-12-4-5-14(28-10-17(21,22)23)13(7-12)15(26)25-8-11-3-1-2-6-24-11/h4-5,7,11,24H,1-3,6,8-10H2,(H,25,26)",DJBNUMBKLMJRSA-UHFFFAOYSA-N,DTXSID8020626,DSSTox_Substance_Id,DTXSID8020626,Flecainide acetate
201,CC1=CC=CC=C1C(N)=O,Cc1ccccc1C(N)=O,"InChI=1S/C8H9NO/c1-6-4-2-3-5-7(6)8(9)10/h2-5H,1H3,(H2,9,10)",XXUNIGZDNWWYED-UHFFFAOYSA-N,DTXSID6025569,DSSTox_Substance_Id,DTXSID6025569,2-Methylbenzamide
202,CC1=CC(C)=C(OCCCCCCNCCO)C=C1,Cc1ccc(OCCCCCCNCCO)c(C)c1,"InChI=1S/C16H27NO2/c1-14-7-8-16(15(2)13-14)19-12-6-4-3-5-9-17-10-11-18/h7-8,13,17-18H,3-6,9-12H2,1-2H3",ANYCHFNVJOZGEJ-UHFFFAOYSA-N,DTXSID50365772,DSSTox_Substance_Id,DTXSID50365772,GNF-Pf-3086
203,Cl.C(OC1=CC=CC=C1C1CC1)C1=NCCN1,c1ccc(C2CC2)c(OCC2=NCCN2)c1,"InChI=1S/C13H16N2O/c1-2-4-12(11(3-1)10-5-6-10)16-9-13-14-7-8-15-13/h1-4,10H,5-9H2,(H,14,15)",YAORIDZYZDUZCM-UHFFFAOYSA-N,DTXSID70193610,DSSTox_Substance_Id,DTXSID70193610,"2-((2-Cyclopropylphenoxy)methyl)-4,5-dihydro-1H-imidazolium chloride"
204,CCCCCCCCC(=O)OCC=C,C=CCOC(=O)CCCCCCCC,"InChI=1S/C12H22O2/c1-3-5-6-7-8-9-10-12(13)14-11-4-2/h4H,2-3,5-11H2,1H3",MFLWLDDOGSNSKO-UHFFFAOYSA-N,DTXSID3024447,DSSTox_Substance_Id,DTXSID3024447,Allyl nonanoate
205,Cl.CCCN(CCC1=CC=CC=C1)C1CCC2=C(C1)C=CC=C2O,CCCN(CCc1ccccc1)C1CCc2c(O)cccc2C1,"InChI=1S/C21H27NO/c1-2-14-22(15-13-17-7-4-3-5-8-17)19-11-12-20-18(16-19)9-6-10-21(20)23/h3-10,19,23H,2,11-16H2,1H3",DEYFWGXTPWNADC-UHFFFAOYSA-N,DTXSID30474699,DSSTox_Substance_Id,DTXSID30474699,"6-[2-Phenylethyl(propyl)amino]-5,6,7,8-tetrahydronaphthalen-1-ol;hydrochloride"
206,CC(C)N=C=NC(C)C,CC(C)N=C=NC(C)C,"InChI=1S/C7H14N2/c1-6(2)8-5-9-7(3)4/h6-7H,1-4H3",BDNKZNFMNDZQMI-UHFFFAOYSA-N,DTXSID4025086,DSSTox_Substance_Id,DTXSID4025086,Diisopropylcarbodiimide
207,CC(C)(C)C1=CC=C(OCC2CO2)C=C1,CC(C)(C)c1ccc(OCC2CO2)cc1,"InChI=1S/C13H18O2/c1-13(2,3)10-4-6-11(7-5-10)14-8-12-9-15-12/h4-7,12H,8-9H2,1-3H3",HHRACYLRBOUBKM-UHFFFAOYSA-N,DTXSID1024702,DSSTox_Substance_Id,DTXSID1024702,tert-Butyl phenyl glycidyl ether
208,N1C2=CC=CC=C2N=C1C1=CC=C(C=C1)C1=CC=CC=C1,c1ccc(-c2ccc(-c3nc4ccccc4[nH]3)cc2)cc1,"InChI=1S/C19H14N2/c1-2-6-14(7-3-1)15-10-12-16(13-11-15)19-20-17-8-4-5-9-18(17)21-19/h1-13H,(H,20,21)",SAQHCMSUQDTMSF-UHFFFAOYSA-N,DTXSID80180298,DSSTox_Substance_Id,DTXSID80180298,"1H-Benzimidazole, 2-(1,1'-biphenyl)-4-yl-"
209,[H]C12CN(CCNC(=O)OC(C)(C)C)CC([H])(CN(C[C@H](O)COC3=CC=C(C=C3)C#N)C1)O2,CC(C)(C)OC(=O)NCCN1CC2CN(CC(O)COc3ccc(C#N)cc3)CC(C1)O2,"InChI=1S/C23H34N4O5/c1-23(2,3)32-22(29)25-8-9-26-12-20-14-27(15-21(13-26)31-20)11-18(28)16-30-19-6-4-17(10-24)5-7-19/h4-7,18,20-21,28H,8-9,11-16H2,1-3H3,(H,25,29)",JRHUUZPSMQIWBQ-UHFFFAOYSA-N,DTXSID40235551,DSSTox_Substance_Id,DTXSID40235551,AZD 7009
210,NC(=O)C1=CC=C(OCC(O)CN2CCC(=CC2)C2=CC=C(F)C=C2)C=C1,NC(=O)c1ccc(OCC(O)CN2CC=C(c3ccc(F)cc3)CC2)cc1,"InChI=1S/C21H23FN2O3/c22-18-5-1-15(2-6-18)16-9-11-24(12-10-16)13-19(25)14-27-20-7-3-17(4-8-20)21(23)26/h1-9,19,25H,10-14H2,(H2,23,26)",HFHFPCVDUCBNLG-UHFFFAOYSA-N,DTXSID40474701,DSSTox_Substance_Id,DTXSID40474701,Ro 8-4304
211,C(SCC1=CC=CC=C1)C1=CC=CC=C1,c1ccc(CSCc2ccccc2)cc1,"InChI=1S/C14H14S/c1-3-7-13(8-4-1)11-15-12-14-9-5-2-6-10-14/h1-10H,11-12H2",LUFPJJNWMYZRQE-UHFFFAOYSA-N,DTXSID6024599,DSSTox_Substance_Id,DTXSID6024599,Benzyl sulfide
212,CCC(C)(C)C(O)=O,CCC(C)(C)C(=O)O,"InChI=1S/C6H12O2/c1-4-6(2,3)5(7)8/h4H2,1-3H3,(H,7,8)",VUAXHMVRKOTJKP-UHFFFAOYSA-N,DTXSID0032811,DSSTox_Substance_Id,DTXSID0032811,"2,2-Dimethylbutanoic acid"
213,[O-][N+](=O)C1=CC=CC(Cl)=C1Cl,O=[N+]([O-])c1cccc(Cl)c1Cl,InChI=1S/C6H3Cl2NO2/c7-4-2-1-3-5(6(4)8)9(10)11/h1-3H,CMVQZRLQEOAYSW-UHFFFAOYSA-N,DTXSID8024997,DSSTox_Substance_Id,DTXSID8024997,"2,3-Dichloronitrobenzene"
214,CN1CCN(CC1)C1=C2CCCC2=C(C#N)C2=NC3=CC=CC=C3N12,CN1CCN(c2c3c(c(C#N)c4nc5ccccc5n24)CCC3)CC1,"InChI=1S/C20H21N5/c1-23-9-11-24(12-10-23)20-15-6-4-5-14(15)16(13-21)19-22-17-7-2-3-8-18(17)25(19)20/h2-3,7-8H,4-6,9-12H2,1H3",GHWWPKGEXYATFJ-UHFFFAOYSA-N,DTXSID70352442,DSSTox_Substance_Id,DTXSID70352442,GNF-Pf-1701
215,C1CN(CCO1)C1=CC=C(NC2=CC=NC3=CC4=CC=CC=C4C=C23)C=C1,c1ccc2cc3c(=Nc4ccc(N5CCOCC5)cc4)cc[nH]c3cc2c1,"InChI=1S/C23H21N3O/c1-2-4-18-16-23-21(15-17(18)3-1)22(9-10-24-23)25-19-5-7-20(8-6-19)26-11-13-27-14-12-26/h1-10,15-16H,11-14H2,(H,24,25)",BFLBDFBTHQVGNL-UHFFFAOYSA-N,DTXSID50155418,DSSTox_Substance_Id,DTXSID50155418,N-(4-Morpholin-4-ylphenyl)benzo(g)quinolin-4-amine
216,CC1=C(F)C=C(NC(=O)NC2=CC(Cl)=CC=C2)C=C1,Cc1ccc(NC(=O)Nc2cccc(Cl)c2)cc1F,"InChI=1S/C14H12ClFN2O/c1-9-5-6-12(8-13(9)16)18-14(19)17-11-4-2-3-10(15)7-11/h2-8H,1H3,(H2,17,18,19)",DWIRVJIYXZLKBW-UHFFFAOYSA-N,DTXSID80367305,DSSTox_Substance_Id,DTXSID80367305,1-(3-chlorophenyl)-3-(3-fluoro-4-methylphenyl)urea
217,OC1=CC=CC(Cl)=C1Cl,Oc1cccc(Cl)c1Cl,"InChI=1S/C6H4Cl2O/c7-4-2-1-3-5(9)6(4)8/h1-3,9H",UMPSXRYVXUPCOS-UHFFFAOYSA-N,DTXSID7025001,DSSTox_Substance_Id,DTXSID7025001,"2,3-Dichlorophenol"
218,CN(C)C1=CC=C(C=C1)C(O)(C1=CC=C(C=C1)N(C)C)C1=CC=C(C=C1)N(C)C,CN(C)c1ccc(C(O)(c2ccc(N(C)C)cc2)c2ccc(N(C)C)cc2)cc1,"InChI=1S/C25H31N3O/c1-26(2)22-13-7-19(8-14-22)25(29,20-9-15-23(16-10-20)27(3)4)21-11-17-24(18-12-21)28(5)6/h7-18,29H,1-6H3",QFVDKARCPMTZCS-UHFFFAOYSA-N,DTXSID1052115,DSSTox_Substance_Id,DTXSID1052115,C.I.Solvent Violet 9
219,ClC1=CC=CC(NC(=O)NC2=CC=C(Br)C=C2)=C1,O=C(Nc1ccc(Br)cc1)Nc1cccc(Cl)c1,"InChI=1S/C13H10BrClN2O/c14-9-4-6-11(7-5-9)16-13(18)17-12-3-1-2-10(15)8-12/h1-8H,(H2,16,17,18)",UKINRRRVXPZMRM-UHFFFAOYSA-N,DTXSID20307240,DSSTox_Substance_Id,DTXSID20307240,4-[3-(4-Bromophenyl)-ureido]-2-chlorobenzene
220,CCOC(=O)C1=CNC2=C(CC)C=CC=C2C1=O,CCOC(=O)c1c[nH]c2c(CC)cccc2c1=O,"InChI=1S/C14H15NO3/c1-3-9-6-5-7-10-12(9)15-8-11(13(10)16)14(17)18-4-2/h5-8H,3-4H2,1-2H3,(H,15,16)",IXXFUMUBUIACJY-UHFFFAOYSA-N,DTXSID90352080,DSSTox_Substance_Id,DTXSID90352080,GNF-Pf-2742
221,FC(F)(F)C1=CC(NC2=NC3=CC=CC=C3N=C2NC2=CC=CC(=C2)C(F)(F)F)=CC=C1,FC(F)(F)c1cccc(N=c2[nH]c3ccccc3[nH]c2=Nc2cccc(C(F)(F)F)c2)c1,"InChI=1S/C22H14F6N4/c23-21(24,25)13-5-3-7-15(11-13)29-19-20(32-18-10-2-1-9-17(18)31-19)30-16-8-4-6-14(12-16)22(26,27)28/h1-12H,(H,29,31)(H,30,32)",FOQJAGNDQYWIRF-UHFFFAOYSA-N,DTXSID70332845,DSSTox_Substance_Id,DTXSID70332845,TCMDC-124162
222,CC1=C(CC=C)C(=O)C2=CC=CC=C2N1,C=CCc1c(C)[nH]c2ccccc2c1=O,"InChI=1S/C13H13NO/c1-3-6-10-9(2)14-12-8-5-4-7-11(12)13(10)15/h3-5,7-8H,1,6H2,2H3,(H,14,15)",DFPJMRVOZFONNQ-UHFFFAOYSA-N,DTXSID90354746,DSSTox_Substance_Id,DTXSID90354746,GNF-Pf-3982
223,ClC(Cl)(Cl)C(Cl)(Cl)Cl,ClC(Cl)(Cl)C(Cl)(Cl)Cl,"InChI=1S/C2Cl6/c3-1(4,5)2(6,7)8",VHHHONWQHHHLTI-UHFFFAOYSA-N,DTXSID7020689,DSSTox_Substance_Id,DTXSID7020689,Hexachloroethane
224,CC(C)(C)C1=CC(CNC2CCCCC2)=C(O)C=C1,CC(C)(C)c1ccc(O)c(CNC2CCCCC2)c1,"InChI=1S/C17H27NO/c1-17(2,3)14-9-10-16(19)13(11-14)12-18-15-7-5-4-6-8-15/h9-11,15,18-19H,4-8,12H2,1-3H3",JTVHIQJYLQMKRA-UHFFFAOYSA-N,DTXSID80286880,DSSTox_Substance_Id,DTXSID80286880,GNF-Pf-5310
225,CCN(CC)CCCNC1=CC=NC2=CC3=CC=CC=C3C=C12,CCN(CC)CCCN=c1cc[nH]c2cc3ccccc3cc12,"InChI=1S/C20H25N3/c1-3-23(4-2)13-7-11-21-19-10-12-22-20-15-17-9-6-5-8-16(17)14-18(19)20/h5-6,8-10,12,14-15H,3-4,7,11,13H2,1-2H3,(H,21,22)",KTSYTPMUPYCPFS-UHFFFAOYSA-N,DTXSID50204834,DSSTox_Substance_Id,DTXSID50204834,"1,3-Propanediamine, N'-benzo(g)quinolin-4-yl-N,N-diethyl-"
226,CCOC(=O)C1=CC2=C(NC(=CC2=O)C2=CC=CC=C2)C=C1,CCOC(=O)c1ccc2[nH]c(-c3ccccc3)cc(=O)c2c1,"InChI=1S/C18H15NO3/c1-2-22-18(21)13-8-9-15-14(10-13)17(20)11-16(19-15)12-6-4-3-5-7-12/h3-11H,2H2,1H3,(H,19,20)",MGUKTDNBGKTMHQ-UHFFFAOYSA-N,DTXSID40369507,DSSTox_Substance_Id,DTXSID40369507,GNF-Pf-4475
227,O=C(NC1=CC=CC(=C1)C1=NCCN1)NC1=CC=CC(=C1)C1=NCCN1,O=C(Nc1cccc(C2=NCCN2)c1)Nc1cccc(C2=NCCN2)c1,"InChI=1S/C19H20N6O/c26-19(24-15-5-1-3-13(11-15)17-20-7-8-21-17)25-16-6-2-4-14(12-16)18-22-9-10-23-18/h1-6,11-12H,7-10H2,(H,20,21)(H,22,23)(H2,24,25,26)",SCEVFJUWLLRELN-UHFFFAOYSA-N,DTXSID0048345,DSSTox_Substance_Id,DTXSID0048345,Imidocarb
228,[Rb+],[Rb+],InChI=1S/Rb/q+1,NCCSSGKUIKYAJD-UHFFFAOYSA-N,DTXSID50177059,DSSTox_Substance_Id,DTXSID50177059,"Rubidium, ion (Rb1+)"
229,C[C@@H](\N=C(/NC#N)NC1=CC=C(C=C1)C#N)C(C)(C)C,CC(N=C(NC#N)Nc1ccc(C#N)cc1)C(C)(C)C,"InChI=1S/C15H19N5/c1-11(15(2,3)4)19-14(18-10-17)20-13-7-5-12(9-16)6-8-13/h5-8,11H,1-4H3,(H2,18,19,20)",PGYDRGZVXVVZQC-UHFFFAOYSA-N,DTXSID00176552,DSSTox_Substance_Id,DTXSID00176552,Naminidil
230,O.CC(NC(NC1=CC=NC=C1)=NC#N)C(C)(C)C,CC(N=C(N=c1cc[nH]cc1)NC#N)C(C)(C)C,"InChI=1S/C13H19N5/c1-10(13(2,3)4)17-12(16-9-14)18-11-5-7-15-8-6-11/h5-8,10H,1-4H3,(H2,15,16,17,18)",IVVNZDGDKPTYHK-UHFFFAOYSA-N,DTXSID4045682,DSSTox_Substance_Id,DTXSID4045682,Pinacidil monohydrate
231,[Na+].CCCCNC(=O)[N-]S(=O)(=O)C1=CC=C(C)C=C1,CCCCNC(=O)NS(=O)(=O)c1ccc(C)cc1,"InChI=1S/C12H18N2O3S/c1-3-4-9-13-12(15)14-18(16,17)11-7-5-10(2)6-8-11/h5-8H,3-4,9H2,1-2H3,(H2,13,14,15)",JLRGJRBPOGGCBT-UHFFFAOYSA-N,DTXSID50197090,DSSTox_Substance_Id,DTXSID50197090,"Tolbutamide sodium, sterile [USP]"
232,CS(O)(=O)=O.CN(C)C(=O)COC(=O)CC1=CC=C(OC(=O)C2=CC=C(NC(N)=N)C=C2)C=C1,CN(C)C(=O)COC(=O)Cc1ccc(OC(=O)c2ccc(N=C(N)N)cc2)cc1,"InChI=1S/C20H22N4O5/c1-24(2)17(25)12-28-18(26)11-13-3-9-16(10-4-13)29-19(27)14-5-7-15(8-6-14)23-20(21)22/h3-10H,11-12H2,1-2H3,(H4,21,22,23)",XASIMHXSUQUHLV-UHFFFAOYSA-N,DTXSID0020238,DSSTox_Substance_Id,DTXSID0020238,Camostat mesylate
233,Cl.CCN1CC(CCN2CCOCC2)C(C1=O)(C1=CC=CC=C1)C1=CC=CC=C1,CCN1CC(CCN2CCOCC2)C(c2ccccc2)(c2ccccc2)C1=O,"InChI=1S/C24H30N2O2/c1-2-26-19-22(13-14-25-15-17-28-18-16-25)24(23(26)27,20-9-5-3-6-10-20)21-11-7-4-8-12-21/h3-12,22H,2,13-19H2,1H3",XFDJYSQDBULQSI-UHFFFAOYSA-N,DTXSID9047837,DSSTox_Substance_Id,DTXSID9047837,Doxapram hydrochloride
234,COC1=CC=C(Cl)C=C1[C@]1(F)C(=O)NC2=CC(=CC=C12)C(F)(F)F,COc1ccc(Cl)cc1C1(F)C(=O)Nc2cc(C(F)(F)F)ccc21,"InChI=1S/C16H10ClF4NO2/c1-24-13-5-3-9(17)7-11(13)15(18)10-4-2-8(16(19,20)21)6-12(10)22-14(15)23/h2-7H,1H3,(H,22,23)",ULYONBAOIMCNEH-UHFFFAOYSA-N,DTXSID70870176,DSSTox_Substance_Id,DTXSID70870176,(+)-MaxiPost
235,CCS(=O)(=O)N(C)C1C(O)C(C)(C)OC2=C1C=C(C=C2)C#N,CCS(=O)(=O)N(C)C1c2cc(C#N)ccc2OC(C)(C)C1O,"InChI=1S/C15H20N2O4S/c1-5-22(19,20)17(4)13-11-8-10(9-16)6-7-12(11)21-15(2,3)14(13)18/h6-8,13-14,18H,5H2,1-4H3",HVSJHHXUORMCGK-UHFFFAOYSA-N,DTXSID60349649,DSSTox_Substance_Id,DTXSID60349649,Chromanol 293B
236,CN1C2=CC=CC=C2C(=N[C@H](CC2=CNC3=CC=CC=C23)C1=O)C1=CC=CC=C1F,CN1C(=O)C(Cc2c[nH]c3ccccc23)N=C(c2ccccc2F)c2ccccc21,"InChI=1S/C25H20FN3O/c1-29-23-13-7-4-10-19(23)24(18-9-2-5-11-20(18)26)28-22(25(29)30)14-16-15-27-21-12-6-3-8-17(16)21/h2-13,15,22,27H,14H2,1H3",CGBANSGENFERAT-UHFFFAOYSA-N,DTXSID90349652,DSSTox_Substance_Id,DTXSID90349652,R-L3
237,FC1=CC2=C(C=C1)C(=NO2)C1CCN(CCN2CCN(C2=O)C2=CC=CC=C2)CC1,O=C1N(CCN2CCC(c3noc4cc(F)ccc34)CC2)CCN1c1ccccc1,"InChI=1S/C23H25FN4O2/c24-18-6-7-20-21(16-18)30-25-22(20)17-8-10-26(11-9-17)12-13-27-14-15-28(23(27)29)19-4-2-1-3-5-19/h1-7,16-17H,8-15H2",ULCAXFRFGIKHRG-UHFFFAOYSA-N,DTXSID30433286,DSSTox_Substance_Id,DTXSID30433286,"1-(2-(4-(6-FLUORO-1,2-BENZISOXAZOL-3-YL)-1-PIPERIDINYL)ETHYL)-3-PHENYL-2-IMIDAZOLIDINONE"
238,COC(=O)O[C@@]12CO[C@@H]1C[C@H](O)[C@]1(C)[C@@H]2[C@H](OC(=O)C2=CC=CC=C2)[C@]2(O)C[C@H](OC(=O)[C@H](O)[C@@H](NC(=O)C3=CC=CC=C3)C3=CC=CC=C3)C(C)=C([C@@H](OC(C)=O)C1=O)C2(C)C,COC(=O)OC12COC1CC(O)C1(C)C(=O)C(OC(C)=O)=C3C(C)C(OC(=O)C(O)C(NC(=O)c4ccccc4)c4ccccc4)CC(O)(C(OC(=O)c4ccccc4)C21)C3(C)C,"InChI=1S/C47H51NO15/c1-25-30(61-42(55)35(51)34(27-16-10-7-11-17-27)48-40(53)28-18-12-8-13-19-28)23-47(57)39(62-41(54)29-20-14-9-15-21-29)37-45(5,38(52)36(60-26(2)49)33(25)44(47,3)4)31(50)22-32-46(37,24-59-32)63-43(56)58-6/h7-21,25,30-32,34-35,37,39,50-51,57H,22-24H2,1-6H3,(H,48,53)",ABIZEZNSXJNXJM-UHFFFAOYSA-N,DTXSID50169318,DSSTox_Substance_Id,DTXSID50169318,4-Desacetylpaclitaxel 4-methyl carbonate
239,[H][C@@]12C[C@H](OCSC)[C@@]3(C)C(=O)[C@H](OC(C)=O)C4=C(C)[C@H](C[C@@](O)([C@@H](OC(=O)C5=CC=CC=C5)[C@]3([H])[C@@]1(CO2)OC(C)=O)C4(C)C)OC(=O)[C@H](O)[C@@H](NC(=O)C1=CC=CC=C1)C1=CC=CC=C1,CSCOC1CC2OCC2(OC(C)=O)C2C(OC(=O)c3ccccc3)C3(O)CC(OC(=O)C(O)C(NC(=O)c4ccccc4)c4ccccc4)C(C)=C(C(OC(C)=O)C(=O)C12C)C3(C)C,"InChI=1S/C49H55NO14S/c1-27-33(62-45(57)38(53)37(30-17-11-8-12-18-30)50-43(55)31-19-13-9-14-20-31)24-49(58)42(63-44(56)32-21-15-10-16-22-32)40-47(6,41(54)39(61-28(2)51)36(27)46(49,4)5)34(60-26-65-7)23-35-48(40,25-59-35)64-29(3)52/h8-22,33-35,37-40,42,53,58H,23-26H2,1-7H3,(H,50,55)",UBJAHGAUPNGZFF-UHFFFAOYSA-N,DTXSID30873340,DSSTox_Substance_Id,DTXSID30873340,7-[(Methylthio)methyl]paclitaxel
240,N[C@@H](CC1=CC=C(OP(O)(O)=O)C=C1)C(O)=O,NC(Cc1ccc(O[PH](=O)(=O)O)cc1)C(=O)O,"InChI=1S/C9H11NO6P/c10-8(9(11)12)5-6-1-3-7(4-2-6)16-17(13,14)15/h1-4,8H,5,10H2,(H,11,12)(H,13,14,15)",IBHQWWJVMMVFRI-UHFFFAOYSA-N,DTXSID00176234,DSSTox_Substance_Id,DTXSID00176234,Phosphotyrosine
241,CN[C@H](C(=O)N[C@H](C(=O)N(C)[C@H](\C=C(/C)C(O)=O)C(C)C)C(C)(C)C)C(C)(C)C1=CC=CC=C1,CNC(C(=O)NC(C(=O)N(C)C(=CC(C)C(=O)O)C(C)C)C(C)(C)C)C(C)(C)c1ccccc1,"InChI=1S/C27H43N3O4/c1-17(2)20(16-18(3)25(33)34)30(10)24(32)22(26(4,5)6)29-23(31)21(28-9)27(7,8)19-14-12-11-13-15-19/h11-18,21-22,28H,1-10H3,(H,29,31)(H,33,34)",PNBQDOVOFVVZTG-UHFFFAOYSA-N,DTXSID2041040,DSSTox_Substance_Id,DTXSID2041040,HTI-286
242,CC(C)C1=CC=C(C=C1)C(=O)N(C)CCN1CCN(CC1)C1=CC=CC2=C1OC=C2,CC(C)c1ccc(C(=O)N(C)CCN2CCN(c3cccc4ccoc34)CC2)cc1,"InChI=1S/C25H31N3O2/c1-19(2)20-7-9-22(10-8-20)25(29)26(3)12-13-27-14-16-28(17-15-27)23-6-4-5-21-11-18-30-24(21)23/h4-11,18-19H,12-17H2,1-3H3",XZHMFCUWVDUYBV-UHFFFAOYSA-N,DTXSID00143582,DSSTox_Substance_Id,DTXSID00143582,Befiperide
243,OC(=O)C(F)(F)F.CCN(CC)C(=O)C1=C(C=C(N2CCC(CC2)C2=CC=CC=C2)C(=C1)S(=O)(=O)CC1=CC=CC=C1)N(CC)CCN(C)C,CCN(CC)C(=O)c1cc(S(=O)(=O)Cc2ccccc2)c(N2CCC(c3ccccc3)CC2)cc1N(CC)CCN(C)C,"InChI=1S/C35H48N4O3S/c1-6-37(7-2)35(40)31-25-34(43(41,42)27-28-15-11-9-12-16-28)33(26-32(31)38(8-3)24-23-36(4)5)39-21-19-30(20-22-39)29-17-13-10-14-18-29/h9-18,25-26,30H,6-8,19-24,27H2,1-5H3",AUEUBSJNKBZSKK-UHFFFAOYSA-N,DTXSID3048522,DSSTox_Substance_Id,DTXSID3048522,HMR1171 trifluoroacetate (1:1)
244,CCN(CC)C(=O)C1=CC(=C(C=C1N(CC)CCN(C)C)N1CCC(CC1)C1=CC=CC=C1)S(=O)(=O)CC1=CC=CC=C1,CCN(CC)C(=O)c1cc(S(=O)(=O)Cc2ccccc2)c(N2CCC(c3ccccc3)CC2)cc1N(CC)CCN(C)C,"InChI=1S/C35H48N4O3S/c1-6-37(7-2)35(40)31-25-34(43(41,42)27-28-15-11-9-12-16-28)33(26-32(31)38(8-3)24-23-36(4)5)39-21-19-30(20-22-39)29-17-13-10-14-18-29/h9-18,25-26,30H,6-8,19-24,27H2,1-5H3",AUEUBSJNKBZSKK-UHFFFAOYSA-N,DTXSID6047367,DSSTox_Substance_Id,DTXSID6047367,HMR1171
245,NC(=O)C1=CC2=CC=CC=C2S1,NC(=O)c1cc2ccccc2s1,"InChI=1S/C9H7NOS/c10-9(11)8-5-6-3-1-2-4-7(6)12-8/h1-5H,(H2,10,11)",GYSCBCSGKXNZRH-UHFFFAOYSA-N,DTXSID90285046,DSSTox_Substance_Id,DTXSID90285046,1-Benzothiophene-2-carboxamide
246,NC(=O)C1=C(N)C2=CC=CC=C2O1,NC(=O)c1oc2ccccc2c1N,"InChI=1S/C9H8N2O2/c10-7-5-3-1-2-4-6(5)13-8(7)9(11)12/h1-4H,10H2,(H2,11,12)",FXOYSSLDDDZIJN-UHFFFAOYSA-N,DTXSID20344933,DSSTox_Substance_Id,DTXSID20344933,3-Amino-1-benzofuran-2-carboxamide
247,CCOC(=O)C1=C(N)C2=CC=CC=C2S1,CCOC(=O)c1sc2ccccc2c1N,"InChI=1S/C11H11NO2S/c1-2-14-11(13)10-9(12)7-5-3-4-6-8(7)15-10/h3-6H,2,12H2,1H3",XZSFZYVMRZLUOJ-UHFFFAOYSA-N,DTXSID60352658,DSSTox_Substance_Id,DTXSID60352658,ethyl 3-aminobenzo[b]thiophene-2-carboxylate
248,NC1=C(SC2=CC=CC=C12)C(O)=O,Nc1c(C(=O)O)sc2ccccc12,"InChI=1S/C9H7NO2S/c10-7-5-3-1-2-4-6(5)13-8(7)9(11)12/h1-4H,10H2,(H,11,12)",AWUMBCKNGJAKOM-UHFFFAOYSA-N,DTXSID80371649,DSSTox_Substance_Id,DTXSID80371649,3-Amino-1-benzothiophene-2-carboxylic acid
249,NC(=O)C1=C(N)C2=C3CCCCC3=CN=C2S1,NC(=O)c1sc2ncc3c(c2c1N)CCCC3,"InChI=1S/C12H13N3OS/c13-9-8-7-4-2-1-3-6(7)5-15-12(8)17-10(9)11(14)16/h5H,1-4,13H2,(H2,14,16)",RGOMRMKWFDTOQV-UHFFFAOYSA-N,DTXSID00388133,DSSTox_Substance_Id,DTXSID00388133,"1-amino-6,7,8,9-tetrahydrothieno[2,3-c]isoquinoline-2-carboxamide"
